sl_no,state,name,,start_date,end_date,,source,days_in_off
1,Andhra Pradesh,Y. S. Jaganmohan Reddy,,30-05-2019,Incumbent,,http://ipr.ap.nic.in/release/ap_cms.asp,#VALUE!
2,Andhra Pradesh,Chandrababu Naidu,,02-06-2014,29-05-2019,,http://ipr.ap.nic.in/release/ap_cms.asp,1822
3,Andhra Pradesh,President's Rule,,01-03-2014,02-06-2014,,http://ipr.ap.nic.in/release/ap_cms.asp,93
4,Andhra Pradesh,Sri. N.Kiran Kumar Reddy,,25-11-2010,01-03-2014,,http://ipr.ap.nic.in/release/ap_cms.asp,1192
5,Andhra Pradesh,Sri. K. Rosaiah,,09-04-2009,24-11-2010,,http://ipr.ap.nic.in/release/ap_cms.asp,594
6,Andhra Pradesh,Dr.Y.S. Rajasekhara Reddy,,14-04-2004,09-02-2009,,http://ipr.ap.nic.in/release/ap_cms.asp,1762
7,Andhra Pradesh,Sri N. Chandra Babu Naidu,,09-01-1995,14-04-2004,,http://ipr.ap.nic.in/release/ap_cms.asp,3383
8,Andhra Pradesh,Sri N.T.Rama Rao,,12-12-1994,09-01-1995,,http://ipr.ap.nic.in/release/ap_cms.asp,28
9,Andhra Pradesh,Sri K.VijayaBhaskara Reddy,,10-09-1992,12-12-1994,,http://ipr.ap.nic.in/release/ap_cms.asp,823
10,Andhra Pradesh,Sri N.Janardhana Reddy,,17-12-1990,10-09-1992,,http://ipr.ap.nic.in/release/ap_cms.asp,633
11,Andhra Pradesh,Dr.Marri Chenna Reddy,,12-03-1989,17-12-1990,,http://ipr.ap.nic.in/release/ap_cms.asp,645
12,Andhra Pradesh,Sri N.T.Rama Rao,,03-09-1985,12-03-1989,,http://ipr.ap.nic.in/release/ap_cms.asp,1286
13,Andhra Pradesh,Sri N.T.Rama Rao,,16-09-1984,03-09-1985,,http://ipr.ap.nic.in/release/ap_cms.asp,352
14,Andhra Pradesh,Sri N.Bhaskara rao,,16-08-1984,16-09-1984,,http://ipr.ap.nic.in/release/ap_cms.asp,31
15,Andhra Pradesh,Sri N.T.Rama Rao,,01-09-1983,16-08-1984,,http://ipr.ap.nic.in/release/ap_cms.asp,350
16,Andhra Pradesh,Sri Bhavanam Venkataram,,24-02-1982,20-09-1982,,http://ipr.ap.nic.in/release/ap_cms.asp,208
17,Andhra Pradesh,Sri K.Vijaya Bhaskara Reddy,,09-01-1982,01-09-1983,,http://ipr.ap.nic.in/release/ap_cms.asp,600
18,Andhra Pradesh,Sri Tanguturi Anjaiah,,10-11-1980,24-02-1982,,http://ipr.ap.nic.in/release/ap_cms.asp,471
19,Andhra Pradesh,Dr Marri Chenna Reddy,,03-06-1978,10-11-1980,,http://ipr.ap.nic.in/release/ap_cms.asp,891
20,Andhra Pradesh,Sri. Jalagam Vengala Rao,,12-10-1973,03-06-1978,,http://ipr.ap.nic.in/release/ap_cms.asp,1695
21,Andhra Pradesh,President's rule,,10-10-1973,12-10-1973,,http://ipr.ap.nic.in/release/ap_cms.asp,2
22,Andhra Pradesh,Sri P.V.Narasimha Rao,,30-09-1971,01-10-1973,,http://ipr.ap.nic.in/release/ap_cms.asp,732
23,Andhra Pradesh,Sri Kasu Bramhananda Reddy,,29-02-1964,30-09-1971,,http://ipr.ap.nic.in/release/ap_cms.asp,2770
24,Andhra Pradesh,Sri (Dr)Neelam Sanjeeva Reddy,,03-12-1962,29-02-1964,,http://ipr.ap.nic.in/release/ap_cms.asp,453
25,Andhra Pradesh,Sri Damodaram Sanjivayya,,01-11-1960,03-12-1962,,http://ipr.ap.nic.in/release/ap_cms.asp,762
26,Andhra Pradesh,Sri.Neelam Sanjeeva Reddy,,11-01-1956,01-11-1960,,http://ipr.ap.nic.in/release/ap_cms.asp,1756
27,Andhra Pradesh,Sri Bezawada Gopala Reddy,,28-03-1955,01-11-1956,,http://ipr.ap.nic.in/release/ap_cms.asp,584
28,Andhra Pradesh,Sri Tanguturi Prakasam,,01-10-1953,27-03-1955,,http://ipr.ap.nic.in/release/ap_cms.asp,542
29,Arunachal Pradesh,P.K. Thungon,,16-08-1975,06-09-1979,,http://www.arunachalipr.gov.in/?page_id=329,1482
30,Arunachal Pradesh,Late Tomo Riba,,18-09-1979,03-11-1979,,http://www.arunachalipr.gov.in/?page_id=329,46
31,Arunachal Pradesh,Gegong Apang,,18-01-1980,18-01-1999,,http://www.arunachalipr.gov.in/?page_id=329,6940
32,Arunachal Pradesh,Mukut Mithi,,19-01-1999,02-08-2003,,http://www.arunachalipr.gov.in/?page_id=329,1656
33,Arunachal Pradesh,Gegong Apang,,03-08-2003,09-04-2007,,http://www.arunachalipr.gov.in/?page_id=329,1345
34,Arunachal Pradesh,Dorjee Khandu,,10-04-2007,31-10-2011,,http://www.arunachalipr.gov.in/?page_id=329,1665
35,Assam,Maulavi Saiyid Sir Muhammad Saadulla,,01-04-1937,19-09-1938,,http://assamassembly.gov.in/cm-list.html,536
36,Assam,Gopinath Bordoloi,,19-09-1938,17-11-1939,,http://assamassembly.gov.in/cm-list.html,424
37,Assam,Maulavi Saiyid Sir Muhammad Saadulla,,17-11-1939,24-12-1941,,http://assamassembly.gov.in/cm-list.html,768
38,Assam,Maulavi Saiyid Sir Muhammad Saadulla,,25-08-1942,11-02-1946,,http://assamassembly.gov.in/cm-list.html,1266
39,Assam,Gopinath Bordoloi,,11-02-1946,06-08-1950,,http://assamassembly.gov.in/cm-list.html,1637
40,Assam,Bishnu Ram Medhi,,09-08-1950,27-12-1957,,http://assamassembly.gov.in/cm-list.html,2697
41,Assam,B.P. Chaliha,,28-12-1957,06-11-1970,,http://assamassembly.gov.in/cm-list.html,4696
42,Assam,Mohendra Mohan Choudhury,,11-11-1970,30-01-1972,,http://assamassembly.gov.in/cm-list.html,445
43,Assam,Shri Sarat Chandra Sinha,,31-01-1972,12-03-1978,,http://assamassembly.gov.in/cm-list.html,2232
44,Assam,Shri Golap Borbora,,12-03-1978,04-09-1979,,http://assamassembly.gov.in/cm-list.html,541
45,Assam,Shri Jogendra Nath Hazarika,,09-09-1979,11-12-1979,,http://assamassembly.gov.in/cm-list.html,93
46,Assam,Shrimati Anowara Taimur,,06-12-1980,30-06-1981,,http://assamassembly.gov.in/cm-list.html,206
47,Assam,Shri Kesab Chandra Gogoi,,13-01-1982,19-03-1982,,http://assamassembly.gov.in/cm-list.html,65
48,Assam,Shri Hiteswar Saikia,,27-02-1983,23-12-1985,,http://assamassembly.gov.in/cm-list.html,1030
49,Assam,Shri Prafulla Kumar Mahanta,,24-12-1985,27-11-1990,,http://assamassembly.gov.in/cm-list.html,1799
50,Assam,Shri Hiteswar Saikia,,30-06-1991,22-04-1996,,http://assamassembly.gov.in/cm-list.html,1758
51,Assam,Dr. Bhumidhar Barman,,22-04-1996,14-05-1996,,http://assamassembly.gov.in/cm-list.html,22
52,Assam,Shri Prafulla Kumar Mahanta,,15-05-1996,17-05-2001,,http://assamassembly.gov.in/cm-list.html,1828
53,Assam,Shri Tarun Gogoi,,17-05-2001,,,http://assamassembly.gov.in/cm-list.html,-37028
54,Assam,Shri Sarbananda Sonowal,,24-05-2016,,,http://assamassembly.gov.in/cm-list.html,-42514
55,Goa,Shri Pratapsingh R. Rane,,09-01-1990,27-03-1990,,https://www.dip.goa.gov.in/list-of-past-chief-ministers-of-goa.php,77
56,Goa,Shri Churchill Alemao,,27-03-1990,14-04-1990,,https://www.dip.goa.gov.in/list-of-past-chief-ministers-of-goa.php,18
57,Goa,Dr. Luis Proto Barbosa,,14-04-1990,14-12-1990,,https://www.dip.goa.gov.in/list-of-past-chief-ministers-of-goa.php,244
58,Goa,Shri Ravi S. Naik,,25-01-1991,18-05-1993,,https://www.dip.goa.gov.in/list-of-past-chief-ministers-of-goa.php,844
59,Goa,Dr. Wilfred de Souza,,18-05-1993,02-04-1994,,https://www.dip.goa.gov.in/list-of-past-chief-ministers-of-goa.php,319
60,Goa,Shri Ravi S. Naik,,02-04-1994,08-04-1994,,https://www.dip.goa.gov.in/list-of-past-chief-ministers-of-goa.php,6
61,Goa,Dr. Wilfred de Souza,,08-04-1994,16-12-1994,,https://www.dip.goa.gov.in/list-of-past-chief-ministers-of-goa.php,252
62,Goa,Shri Pratapsingh R. Rane,,16-12-1994,29-07-1998,,https://www.dip.goa.gov.in/list-of-past-chief-ministers-of-goa.php,1321
63,Goa,Dr. Wilfred de Souza,,29-07-1998,23-11-1998,,https://www.dip.goa.gov.in/list-of-past-chief-ministers-of-goa.php,117
64,Goa,Shri Luizinho Faleiro,,26-11-1998,08-02-1999,,https://www.dip.goa.gov.in/list-of-past-chief-ministers-of-goa.php,74
65,Goa,President’s Rule,,10-02-1999,09-06-1999,,https://www.dip.goa.gov.in/list-of-past-chief-ministers-of-goa.php,119
66,Goa,Shri Luizinho Faleiro,,09-06-1999,24-11-1999,,https://www.dip.goa.gov.in/list-of-past-chief-ministers-of-goa.php,168
67,Goa,Shri Francisco Sardinha,,24-11-1999,23-10-2000,,https://www.dip.goa.gov.in/list-of-past-chief-ministers-of-goa.php,334
68,Goa,Shri Manohar Parrikar,,24-10-2000,02-02-2005,,https://www.dip.goa.gov.in/list-of-past-chief-ministers-of-goa.php,1562
69,Goa,Shri Pratapsingh R. Rane,,03-02-2005,04-03-2005,,https://www.dip.goa.gov.in/list-of-past-chief-ministers-of-goa.php,29
70,Goa,President’s Rule,,04-03-2005,06-06-2005,,https://www.dip.goa.gov.in/list-of-past-chief-ministers-of-goa.php,94
71,Goa,Shri Pratapsingh R. Rane,,07-06-2005,07-06-2007,,https://www.dip.goa.gov.in/list-of-past-chief-ministers-of-goa.php,730
72,Goa,Shri Digambar Kamat,,08-06-2007,08-03-2012,,https://www.dip.goa.gov.in/list-of-past-chief-ministers-of-goa.php,1735
73,Goa,Shri Manohar Parrikar,,09-03-2012,08-11-2014,,https://www.dip.goa.gov.in/list-of-past-chief-ministers-of-goa.php,974
74,Goa,Shri Laxmikant Parsekar,,08-11-2014,11-03-2017,,https://www.dip.goa.gov.in/list-of-past-chief-ministers-of-goa.php,854
75,Goa,Shri Manohar Parrikar,,14-03-2017,Till date,,https://www.dip.goa.gov.in/list-of-past-chief-ministers-of-goa.php,#VALUE!
76,Gujarat,Dr. Jivraj Narayan Mehta,,,,,https://gujaratindia.gov.in/about-gujarat/history-2.htm,0
77,Gujarat,Shri Balwantray Mehta,,,,,https://gujaratindia.gov.in/about-gujarat/history-2.htm,0
78,Gujarat,Shri Hitendra K. Desai,,,,,https://gujaratindia.gov.in/about-gujarat/history-2.htm,0
79,Gujarat,Shri Ghanshyambhai C. Oza,,,,,https://gujaratindia.gov.in/about-gujarat/history-2.htm,0
80,Gujarat,Shri Chimanbhai J. Patel,,,,,https://gujaratindia.gov.in/about-gujarat/history-2.htm,0
81,Gujarat,Shri Babubhai J. Patel,,,,,https://gujaratindia.gov.in/about-gujarat/history-2.htm,0
82,Gujarat,Shri Madhavsinh F. Solanki,,,,,https://gujaratindia.gov.in/about-gujarat/history-2.htm,0
83,Gujarat,Shri Amarsinh Chaudhary,,,,,https://gujaratindia.gov.in/about-gujarat/history-2.htm,0
84,Gujarat,Shri Chhabildas Mehta,,,,,https://gujaratindia.gov.in/about-gujarat/history-2.htm,0
85,Gujarat,Shri Keshubhai Savdasbhai Patel,,,,,https://gujaratindia.gov.in/about-gujarat/history-2.htm,0
86,Gujarat,Shri Sureshchandra Rupshanker Mehta,,,,,https://gujaratindia.gov.in/about-gujarat/history-2.htm,0
87,Gujarat,Shri Shankersinhji Laxmansinhji Vaghela,,,,,https://gujaratindia.gov.in/about-gujarat/history-2.htm,0
88,Gujarat,Shri Dilipbhai Ramanbhai Parikh,,,,,https://gujaratindia.gov.in/about-gujarat/history-2.htm,0
89,Gujarat,Shri Narendra Modi,,,,,https://gujaratindia.gov.in/about-gujarat/history-2.htm,0
90,Gujarat,Smt. Anandiben Patel,,,,,https://gujaratindia.gov.in/about-gujarat/history-2.htm,0
91,Gujarat,Shri Vijaybhai R. Rupani,,,,,https://gujaratindia.gov.in/about-gujarat/history-2.htm,0
92,Haryana,Shri Bhagwat Dayal Sharma,,01-11-1966,10-03-1967,,https://haryanacmoffice.gov.in/previous-chief-minister-of-haryana,129
93,Haryana,Shri Bhagwat Dayal Sharma,,11-03-1967,23-03-1967,,https://haryanacmoffice.gov.in/previous-chief-minister-of-haryana,12
94,Haryana,Rao Birender Singh,,24-03-1967,15-07-1967,,https://haryanacmoffice.gov.in/previous-chief-minister-of-haryana,113
95,Haryana,Rao Birender Singh,,16-07-1967,20-11-1967,,https://haryanacmoffice.gov.in/previous-chief-minister-of-haryana,127
96,Haryana,SHRI BANSI LAL,,21-05-1968,14-03-1972,,https://haryanacmoffice.gov.in/previous-chief-minister-of-haryana,1393
97,Haryana,SHRI BANSI LAL,,14-03-1972,30-11-1975,,https://haryanacmoffice.gov.in/previous-chief-minister-of-haryana,1356
98,Haryana,SHRI BANSI LAL,,05-06-1986,20-06-1987,,https://haryanacmoffice.gov.in/previous-chief-minister-of-haryana,380
99,Haryana,SHRI BANSI LAL,,11-05-1996,21-07-1999,,https://haryanacmoffice.gov.in/previous-chief-minister-of-haryana,1166
100,Haryana,Shri Banarsi Das Gupta,,01-12-1975,30-04-1977,,https://haryanacmoffice.gov.in/previous-chief-minister-of-haryana,516
101,Haryana,Shri Banarsi Das Gupta,,23-05-1990,12-07-1990,,https://haryanacmoffice.gov.in/previous-chief-minister-of-haryana,50
102,Haryana,Chaudhary Devi Lal,,21-06-1977,28-06-1979,,https://haryanacmoffice.gov.in/previous-chief-minister-of-haryana,737
103,Haryana,Chaudhary Devi Lal,,20-06-1987,02-12-1989,,https://haryanacmoffice.gov.in/previous-chief-minister-of-haryana,896
104,Haryana,Shri Bhajan Lal,,28-06-1979,23-05-1982,,https://haryanacmoffice.gov.in/previous-chief-minister-of-haryana,1060
105,Haryana,Shri Bhajan Lal,,23-05-1982,04-06-1986,,https://haryanacmoffice.gov.in/previous-chief-minister-of-haryana,1473
106,Haryana,Shri Bhajan Lal,,23-06-1991,10-05-1996,,https://haryanacmoffice.gov.in/previous-chief-minister-of-haryana,1783
107,Haryana,Shri Hukam Singh,,17-07-1990,22-03-1991,,https://haryanacmoffice.gov.in/previous-chief-minister-of-haryana,248
108,Haryana,Shri Om Parkash Chautala,,02-12-1989,22-05-1990,,https://haryanacmoffice.gov.in/previous-chief-minister-of-haryana,171
109,Haryana,Shri Om Parkash Chautala,,12-07-1990,17-07-1990,,https://haryanacmoffice.gov.in/previous-chief-minister-of-haryana,5
110,Haryana,Shri Om Parkash Chautala,,22-03-1991,05-04-1991,,https://haryanacmoffice.gov.in/previous-chief-minister-of-haryana,14
111,Haryana,Shri Om Parkash Chautala,,24-07-1999,02-03-2000,,https://haryanacmoffice.gov.in/previous-chief-minister-of-haryana,222
112,Haryana,Shri Om Parkash Chautala,,02-03-2000,05-03-2005,,https://haryanacmoffice.gov.in/previous-chief-minister-of-haryana,1829
113,Haryana,Shri Bhupinder Singh Hooda,,05-03-2005,25-10-2009,,https://haryanacmoffice.gov.in/previous-chief-minister-of-haryana,1695
114,Haryana,Shri Bhupinder Singh Hooda,,25-10-2009,25-10-2014,,https://haryanacmoffice.gov.in/previous-chief-minister-of-haryana,1826
115,Jammu and Kashmir,Mehr Chand Mahajan,,15-10-1947,05-03-1948,,https://jkgad.nic.in/PDF/cmarchive.PDF,142
116,Jammu and Kashmir,Sheikh Mohammad Abdullah,,05-03-1948,09-08-1953,,https://jkgad.nic.in/PDF/cmarchive.PDF,1983
117,Jammu and Kashmir,Bakshi Ghulam Mohammad,,09-08-1953,12-10-1963,,https://jkgad.nic.in/PDF/cmarchive.PDF,3716
118,Jammu and Kashmir,Khwaja Shamsuddin,,12-10-1963,29-02-1964,,https://jkgad.nic.in/PDF/cmarchive.PDF,140
119,Jammu and Kashmir,Ghulam Mohammed Sadiq ,,29-02-1964,30-03-1965,,https://jkgad.nic.in/PDF/cmarchive.PDF,395
120,Jammu and Kashmir,Shri Ghulam Mohammed Sadiq,,30-03-1965,12-12-1971,,https://jkgad.nic.in/PDF/cmarchive.PDF,2448
121,Jammu and Kashmir,Syed Mir Qasim,,12-12-1971,25-02-1975,,https://jkgad.nic.in/PDF/cmarchive.PDF,1171
122,Jammu and Kashmir,Sheikh Mohammad Abdullah,,25-02-1975,26-03-1977,,https://jkgad.nic.in/PDF/cmarchive.PDF,760
123,Jammu and Kashmir,Governor's Rule (Lakshmi Kanth Jha),,26-03-1977,09-07-1977,,https://jkgad.nic.in/PDF/cmarchive.PDF,105
124,Jammu and Kashmir,Sheikh Mohammad Abdullah,,09-07-1977,08-09-1982,,https://jkgad.nic.in/PDF/cmarchive.PDF,1887
125,Jammu and Kashmir,Dr Farooq Abdullah,,08-09-1982,02-07-1984,,https://jkgad.nic.in/PDF/cmarchive.PDF,663
126,Jammu and Kashmir,Shri Ghulam Mohammad Shah,,02-07-1984,06-03-1986,,https://jkgad.nic.in/PDF/cmarchive.PDF,612
127,Jammu and Kashmir,Governor's Rule (Shri Jagmohan),,06-03-1986,07-11-1986,,https://jkgad.nic.in/PDF/cmarchive.PDF,246
128,Jammu and Kashmir,Dr Farooq Abdullah ,,07-11-1986,19-01-1990,,https://jkgad.nic.in/PDF/cmarchive.PDF,1169
129,Jammu and Kashmir,Governor's Rule (Shri Jagmohan),,19-01-1990,09-10-1996,,https://jkgad.nic.in/PDF/cmarchive.PDF,2455
130,Jammu and Kashmir,Dr Farooq Abdullah ,,09-10-1996,18-10-2002,,https://jkgad.nic.in/PDF/cmarchive.PDF,2200
131,Jammu and Kashmir,Mufti Mohammad Sayeed ,,02-11-2002,02-11-2005,,https://jkgad.nic.in/PDF/cmarchive.PDF,1096
132,Jammu and Kashmir,Shri Ghulam Nabi Azad ,,02-11-2005,11-07-2008,,https://jkgad.nic.in/PDF/cmarchive.PDF,982
133,Jammu and Kashmir,Governor's Rule (Shri N N Vora) ,,11-07-2008,05-01-2009,,https://jkgad.nic.in/PDF/cmarchive.PDF,178
134,Jammu and Kashmir,Shri Omar Abdullah,,05-01-2009,08-01-2015,,https://jkgad.nic.in/PDF/cmarchive.PDF,2194
135,Jammu and Kashmir,Mufti Mohammad Sayeed 0,,03-03-2015,07-01-2016,,https://jkgad.nic.in/PDF/cmarchive.PDF,310
136,Jammu and Kashmir,Governor's Rule (Shri N N Vora),,08-01-2016,03-04-2016,,https://jkgad.nic.in/PDF/cmarchive.PDF,86
137,Jammu and Kashmir,Ms Mehbooba Mufti,,04-04-2016,19-06-2018,,https://jkgad.nic.in/PDF/cmarchive.PDF,806
138,Jammu and Kashmir,Governor's Rule (Shri Satya Pal Malik),,23-08-2018,31-10-2019,,https://jkgad.nic.in/PDF/cmarchive.PDF,434
139,Jammu and Kashmir,Lt. Governor's Rule (Shri Girish Chandra Murmu),,31-10-2019,05-08-2020,,https://jkgad.nic.in/PDF/cmarchive.PDF,279
140,Karnataka,Sri K.CHENGALARAYA REDDY,,25-10-1947,30-03-1952,,http://www.kla.kar.nic.in/prevcms.htm,1618
141,Karnataka,Sri K.HANUMANTHAIAH,,30-03-1952,19-08-1956,,http://www.kla.kar.nic.in/prevcms.htm,1603
142,Karnataka,Sri KADIDAL MANJAPPA,,19-08-1956,31-10-1956,,http://www.kla.kar.nic.in/prevcms.htm,73
143,Karnataka,Sri S.NIJALINGAPPA,,01-11-1956,16-05-1958,,http://www.kla.kar.nic.in/prevcms.htm,561
144,Karnataka,Sri B.D.JATTI,,16-05-1958,09-03-1962,,http://www.kla.kar.nic.in/prevcms.htm,1393
145,Karnataka,Sri S.R.KANTHI,,14-03-1962,20-06-1962,,http://www.kla.kar.nic.in/prevcms.htm,98
146,Karnataka,Sri S.NIJALINGAPPA,,21-06-1962,28-05-1968,,http://www.kla.kar.nic.in/prevcms.htm,2168
147,Karnataka,Sri VEERENDRA PATIL,,29-05-1968,18-03-1971,,http://www.kla.kar.nic.in/prevcms.htm,1023
148,Karnataka,PRESIDENT`S RULE,,19-03-1971,20-03-1972,,http://www.kla.kar.nic.in/prevcms.htm,367
149,Karnataka,Sri D.DEVRAJ URS,,20-03-1972,31-12-1977,,http://www.kla.kar.nic.in/prevcms.htm,2112
150,Karnataka,PRESIDENTS RULE,,31-12-1977,28-02-1978,,http://www.kla.kar.nic.in/prevcms.htm,59
151,Karnataka,Sri D.DEVARAJ URS,,28-02-1978,07-01-1980,,http://www.kla.kar.nic.in/prevcms.htm,678
152,Karnataka,Sri R.GUNDU RAO,,12-01-1980,06-01-1983,,http://www.kla.kar.nic.in/prevcms.htm,1090
153,Karnataka,Sri RAMAKRISHNA HEGDE,,10-01-1983,29-12-1984,,http://www.kla.kar.nic.in/prevcms.htm,719
154,Karnataka,Sri RAMAKRISHNA HEGDE,,08-03-1985,13-02-1986,,http://www.kla.kar.nic.in/prevcms.htm,342
155,Karnataka,Sri RAMAKRISHNA HEGDE,,16-02-1986,10-08-1988,,http://www.kla.kar.nic.in/prevcms.htm,906
156,Karnataka,Sri S.R.BOMMAI,,13-08-1988,21-04-1989,,http://www.kla.kar.nic.in/prevcms.htm,251
157,Karnataka,PRESIDENT`S RULE,,21-04-1989,30-11-1989,,http://www.kla.kar.nic.in/prevcms.htm,223
158,Karnataka,Sri VEERENDRA PATIL,,30-11-1989,10-10-1990,,http://www.kla.kar.nic.in/prevcms.htm,314
159,Karnataka,PRESIDENT`S RULE,,10-10-1990,17-10-1990,,http://www.kla.kar.nic.in/prevcms.htm,7
160,Karnataka,Sri S.BANGARAPPA,,17-10-1990,19-11-1992,,http://www.kla.kar.nic.in/prevcms.htm,764
161,Karnataka,Sri VEERAPPA MOILY,,19-11-1992,11-12-1994,,http://www.kla.kar.nic.in/prevcms.htm,752
162,Karnataka,Sri H.D.DEVEGOWDA,,11-12-1994,31-05-1996,,http://www.kla.kar.nic.in/prevcms.htm,537
163,Karnataka,Sri J.H.PATEL,,31-05-1996,07-10-1999,,http://www.kla.kar.nic.in/prevcms.htm,1224
164,Karnataka,Sri S.M.KRISHNA,,11-10-1999,28-05-2004,,http://www.kla.kar.nic.in/prevcms.htm,1691
165,Karnataka,Sri DHARAM SINGH,,28-05-2004,02-02-2006,,http://www.kla.kar.nic.in/prevcms.htm,615
166,Karnataka,Sri H.D.KUMARA SWAMY,,03-02-2006,08-10-2007,,http://www.kla.kar.nic.in/prevcms.htm,612
167,Karnataka,PRESIDENT`S RULE,,08-10-2007,12-11-2007,,http://www.kla.kar.nic.in/prevcms.htm,35
168,Karnataka,Sri B.S.YEDDYURAPPA,,12-11-2007,19-11-2007,,http://www.kla.kar.nic.in/prevcms.htm,7
169,Karnataka,PRESIDENT`S RULE,,20-11-2007,29-05-2008,,http://www.kla.kar.nic.in/prevcms.htm,191
170,Karnataka,Dr B.S.YEDDYURAPPA,,30-05-2008,04-08-2011,,http://www.kla.kar.nic.in/prevcms.htm,1161
171,Karnataka,Sri D.V.SADANANDA GOWDA,,05-08-2011,11-07-2012,,http://www.kla.kar.nic.in/prevcms.htm,341
172,Karnataka,Sri JAGADISH SHETTAR,,12-07-2012,TILL DATE,,http://www.kla.kar.nic.in/prevcms.htm,#VALUE!
173,Kerela,Shri. E. M. S. Namboodiripad,,05-04-1957,31-07-1959,,https://kerala.gov.in/chief-ministers-since-1957,847
174,Kerela,Shri. Pattom A. Thanu Pillai,,22-02-1960,26-09-1962,,https://kerala.gov.in/chief-ministers-since-1957,947
175,Kerela, Shri. R. Sankar,,26-09-1962,10-09-1964,,https://kerala.gov.in/chief-ministers-since-1957,715
176,Kerela, Shri. E. M. S. Namboodiripad,,06-03-1967,01-11-1969,,https://kerala.gov.in/chief-ministers-since-1957,971
177,Kerela, Shri. C. Achutha Menon,,01-11-1969,01-08-1970,,https://kerala.gov.in/chief-ministers-since-1957,273
178,Kerela, Shri. C. Achutha Menon,,04-10-1970,25-03-1977,,https://kerala.gov.in/chief-ministers-since-1957,2364
179,Kerela, Shri. K. Karunakaran,,25-03-1977,25-04-1977,,https://kerala.gov.in/chief-ministers-since-1957,31
180,Kerela, Shri. A. K. Antony,,27-04-1977,27-10-1978,,https://kerala.gov.in/chief-ministers-since-1957,548
181,Kerela, Shri. P. K. Vasudevan Nair,,29-10-1978,07-10-1979,,https://kerala.gov.in/chief-ministers-since-1957,343
182,Kerela, Shri. C. H. Mohammed Koya,,12-10-1979,01-12-1979,,https://kerala.gov.in/chief-ministers-since-1957,50
183,Kerela, Shri. E. K. Nayanar,,25-01-1980,20-10-1981,,https://kerala.gov.in/chief-ministers-since-1957,634
184,Kerela, Shri. K. Karunakaran,,28-12-1981,17-03-1982,,https://kerala.gov.in/chief-ministers-since-1957,79
185,Kerela, Shri. K. Karunakaran,,24-05-1982,25-03-1987,,https://kerala.gov.in/chief-ministers-since-1957,1766
186,Kerela, Shri. E. K. Nayanar,,26-03-1987,17-06-1991,,https://kerala.gov.in/chief-ministers-since-1957,1544
187,Kerela, Shri. K. Karunakaran,,24-06-1991,16-03-1995,,https://kerala.gov.in/chief-ministers-since-1957,1361
188,Kerela, Shri. A. K. Antony,,22-03-1995,09-05-1996,,https://kerala.gov.in/chief-ministers-since-1957,414
189,Kerela, Shri. E. K. Nayanar,,20-05-1996,13-05-2001,,https://kerala.gov.in/chief-ministers-since-1957,1819
190,Kerela, Shri. A. K. Antony,,17-05-2001,29-08-2004,,https://kerala.gov.in/chief-ministers-since-1957,1200
191,Kerela, Shri. Oommen Chandy,,31-08-2004,12-05-2006,,https://kerala.gov.in/chief-ministers-since-1957,619
192,Kerela, Shri. V. S. Achuthanandan,,18-05-2006,14-05-2011,,https://kerala.gov.in/chief-ministers-since-1957,1822
193,Kerela, Shri. Oommen Chandy,,18-05-2011,20-05-2016,,https://kerala.gov.in/chief-ministers-since-1957,1829
194,Kerela, Shri. Pinarayi Vijayan,,25-05-2016,,,https://kerala.gov.in/chief-ministers-since-1957,-42515
195,Madhya Pradesh,Shri Ravishankar Shukla,,01-11-1956,31-12-1956,,https://www.mpinfo.org/MPinfoStatic/English/whoiswho/cmlist.asp,60
196,Madhya Pradesh,Shri Bhagwantrao Mandloi,,01-01-1957,30-01-1957,,https://www.mpinfo.org/MPinfoStatic/English/whoiswho/cmlist.asp,29
197,Madhya Pradesh,Dr. Kailashnath Katju,,31-01-1957,14-04-1957,,https://www.mpinfo.org/MPinfoStatic/English/whoiswho/cmlist.asp,73
198,Madhya Pradesh,Dr. Kailashnath Katju,,15-04-1957,11-03-1962,,https://www.mpinfo.org/MPinfoStatic/English/whoiswho/cmlist.asp,1791
199,Madhya Pradesh,Shri Bhagwantrao Mandloi,,12-03-1962,29-09-1963,,https://www.mpinfo.org/MPinfoStatic/English/whoiswho/cmlist.asp,566
200,Madhya Pradesh,Shri Dwarka Prasad Mishra,,30-09-1963,08-03-1967,,https://www.mpinfo.org/MPinfoStatic/English/whoiswho/cmlist.asp,1255
201,Madhya Pradesh,Shri Dwarka Prasad Mishra,,09-03-1967,29-07-1967,,https://www.mpinfo.org/MPinfoStatic/English/whoiswho/cmlist.asp,142
202,Madhya Pradesh,Shri Govindnarayan Singh,,30-07-1967,12-03-1969,,https://www.mpinfo.org/MPinfoStatic/English/whoiswho/cmlist.asp,591
203,Madhya Pradesh,Shri Raja Nareshchandra Singh,,13-03-1969,25-03-1969,,https://www.mpinfo.org/MPinfoStatic/English/whoiswho/cmlist.asp,12
204,Madhya Pradesh,Shri Shyamacharan Shukla,,26-03-1969,28-01-1972,,https://www.mpinfo.org/MPinfoStatic/English/whoiswho/cmlist.asp,1038
205,Madhya Pradesh,Shri Prakash Chandra Sethi,,29-01-1972,22-03-1972,,https://www.mpinfo.org/MPinfoStatic/English/whoiswho/cmlist.asp,53
206,Madhya Pradesh,Shri Prakash Chandra Sethi  ,,23-03-1972,22-12-1975,,https://www.mpinfo.org/MPinfoStatic/English/whoiswho/cmlist.asp,1369
207,Madhya Pradesh,Shri Shyamacharan Shukla,,23-12-1975,29-04-1977,,https://www.mpinfo.org/MPinfoStatic/English/whoiswho/cmlist.asp,493
208,Madhya Pradesh,President’s Rule,,30-04-1977,25-06-1977,,https://www.mpinfo.org/MPinfoStatic/English/whoiswho/cmlist.asp,56
209,Madhya Pradesh,Shri Kailsh Chandra Joshi  ,,26-06-1977,17-01-1978,,https://www.mpinfo.org/MPinfoStatic/English/whoiswho/cmlist.asp,205
210,Madhya Pradesh,Shri Virendra Kumar Sakhlecha,,18-01-1978,19-01-1980,,https://www.mpinfo.org/MPinfoStatic/English/whoiswho/cmlist.asp,731
211,Madhya Pradesh,Shri Sunderlal Patwa,,20-01-1980,17-02-1980,,https://www.mpinfo.org/MPinfoStatic/English/whoiswho/cmlist.asp,28
212,Madhya Pradesh,President’s Rule,,18-02-1980,08-06-1980,,https://www.mpinfo.org/MPinfoStatic/English/whoiswho/cmlist.asp,111
213,Madhya Pradesh,Shri Arjun Singh,,09-06-1980,10-03-1985,,https://www.mpinfo.org/MPinfoStatic/English/whoiswho/cmlist.asp,1735
214,Madhya Pradesh,Shri Arjun Singh,,11-03-1985,12-03-1985,,https://www.mpinfo.org/MPinfoStatic/English/whoiswho/cmlist.asp,1
215,Madhya Pradesh,Shri Motilal Vora,,13-03-1985,13-02-1988,,https://www.mpinfo.org/MPinfoStatic/English/whoiswho/cmlist.asp,1067
216,Madhya Pradesh,Shri Arjun Singh,,14-02-1988,24-01-1989,,https://www.mpinfo.org/MPinfoStatic/English/whoiswho/cmlist.asp,345
217,Madhya Pradesh,Shri Motilal Vora,,25-01-1989,08-12-1989,,https://www.mpinfo.org/MPinfoStatic/English/whoiswho/cmlist.asp,317
218,Madhya Pradesh,Shri Shyamacharan Shukla,,09-12-1989,04-03-1990,,https://www.mpinfo.org/MPinfoStatic/English/whoiswho/cmlist.asp,85
219,Madhya Pradesh,Shri Sunderlal Patwa,,05-03-1990,15-12-1992,,https://www.mpinfo.org/MPinfoStatic/English/whoiswho/cmlist.asp,1016
220,Madhya Pradesh,President’s Rule,,16-12-1992,06-12-1993,,https://www.mpinfo.org/MPinfoStatic/English/whoiswho/cmlist.asp,355
221,Madhya Pradesh,Shri Digvijay Singh,,07-12-1993,01-12-1998,,https://www.mpinfo.org/MPinfoStatic/English/whoiswho/cmlist.asp,1820
222,Madhya Pradesh,Shri Digvijay Singh,,01-12-1998,08-12-2003,,https://www.mpinfo.org/MPinfoStatic/English/whoiswho/cmlist.asp,1833
223,Madhya Pradesh,Sushri Uma Bharti,,08-12-2003,23-08-2004,,https://www.mpinfo.org/MPinfoStatic/English/whoiswho/cmlist.asp,259
224,Madhya Pradesh,Shri Babulal Gaur,,23-08-2004,29-11-2005,,https://www.mpinfo.org/MPinfoStatic/English/whoiswho/cmlist.asp,463
225,Madhya Pradesh,Shri Shivraj Singh Chouhan,,29-11-2005,12-12-2008,,https://www.mpinfo.org/MPinfoStatic/English/whoiswho/cmlist.asp,1109
226,Madhya Pradesh,Shri Shivraj Singh Chouhan,,12-12-2008,13-12-2014,,https://www.mpinfo.org/MPinfoStatic/English/whoiswho/cmlist.asp,2192
227,Madhya Pradesh,Shri Shivraj Singh Chouhan,,14-12-2013,16-12-2018,,https://www.mpinfo.org/MPinfoStatic/English/whoiswho/cmlist.asp,1828
228,Madhya Pradesh,Shri Kamal Nath,,17-12-2018,22-03-2020,,https://www.mpinfo.org/MPinfoStatic/English/whoiswho/cmlist.asp,461
229,Madhya Pradesh,Shri Shivraj Singh Chouhan,,23-03-2020,,,https://www.mpinfo.org/MPinfoStatic/English/whoiswho/cmlist.asp,-43913
230,Meghalaya,Capt. W.A. Sangma,,02-04-1970,21-07-1972,,http://megassembly.gov.in/governors_chiefministers.htm,841
231,Meghalaya,Capt. W.A. Sangma,,21-01-1972,18-03-1972,,http://megassembly.gov.in/governors_chiefministers.htm,57
232,Meghalaya,Capt. W.A. Sangma,,18-03-1972,21-11-1976,,http://megassembly.gov.in/governors_chiefministers.htm,1709
233,Meghalaya,Capt. W.A. Sangma,,22-11-1976,03-03-1978,,http://megassembly.gov.in/governors_chiefministers.htm,466
234,Meghalaya,Shri D.D. Pugh,,10-03-1978,21-02-1979,,http://megassembly.gov.in/governors_chiefministers.htm,348
235,Meghalaya,Shri D.D. Pugh,,21-02-1979,06-05-1979,,http://megassembly.gov.in/governors_chiefministers.htm,74
236,Meghalaya,Shri B.B. Lyngdoh,,07-05-1979,07-05-1981,,http://megassembly.gov.in/governors_chiefministers.htm,731
237,Meghalaya,Capt. W.A. Sangma,,07-05-1981,24-02-1983,,http://megassembly.gov.in/governors_chiefministers.htm,658
238,Meghalaya,Shri B.B. Lyngdoh,,02-03-1983,31-03-1983,,http://megassembly.gov.in/governors_chiefministers.htm,29
239,Meghalaya,Shri W.A. Sangma,,02-04-1983,05-02-1988,,http://megassembly.gov.in/governors_chiefministers.htm,1770
240,Meghalaya,Shri Purno A. Sangma,,06-02-1988,25-03-1990,,http://megassembly.gov.in/governors_chiefministers.htm,778
241,Meghalaya,Shri B.B. Lyngdoh,,26-03-1990,10-10-1991,,http://megassembly.gov.in/governors_chiefministers.htm,563
242,Meghalaya,Shri D.D. Lapang,,05-02-1992,19-02-1993,,http://megassembly.gov.in/governors_chiefministers.htm,380
243,Meghalaya,Shri S.C. Marak,,19-02-1993,27-02-1998,,http://megassembly.gov.in/governors_chiefministers.htm,1834
244,Meghalaya,Shri S.C. Marak,,27-02-1998,10-03-1998,,http://megassembly.gov.in/governors_chiefministers.htm,11
245,Meghalaya,Shri B.B. Lyngdoh,,10-03-1998,18-08-1998,,http://megassembly.gov.in/governors_chiefministers.htm,161
246,Meghalaya,- do -,,18-08-1998,14-10-1999,,http://megassembly.gov.in/governors_chiefministers.htm,422
247,Meghalaya,Shri B.B. Lyngdoh,,14-10-1999,08-03-2000,,http://megassembly.gov.in/governors_chiefministers.htm,146
248,Meghalaya,Shri E.K. Mawlong,,08-03-2000,08-12-2001,,http://megassembly.gov.in/governors_chiefministers.htm,640
249,Meghalaya,Dr. F.A. Khonglam,,08-12-2001,04-03-2003,,http://megassembly.gov.in/governors_chiefministers.htm,451
250,Meghalaya,Shri D.D. Lapang,,04-03-2003,15-06-2006,,http://megassembly.gov.in/governors_chiefministers.htm,1199
251,Meghalaya,Shri J. D. Rymbai,,15-06-2006,10-03-2007,,http://megassembly.gov.in/governors_chiefministers.htm,268
252,Meghalaya,Shri D. D. Lapang,,10-03-2007,07-03-2008,,http://megassembly.gov.in/governors_chiefministers.htm,363
253,Meghalaya,Shri D. D. Lapang,,10-03-2008,19-03-2008,,http://megassembly.gov.in/governors_chiefministers.htm,9
254,Meghalaya,Dr. Donkupar Roy,,19-03-2008,19-03-2009,,http://megassembly.gov.in/governors_chiefministers.htm,365
255,Meghalaya,PRESIDENT’S RULE,,19-03-2009,13-04-2009,,http://megassembly.gov.in/governors_chiefministers.htm,25
256,Meghalaya,Shri D. D. Lapang,,13-03-2009,05-07-2009,,http://megassembly.gov.in/governors_chiefministers.htm,114
257,Meghalaya,Shri D. D. Lapang,,06-07-2009,21-10-2009,,http://megassembly.gov.in/governors_chiefministers.htm,107
258,Meghalaya,Shri D. D. Lapang,,22-10-2009,18-04-2010,,http://megassembly.gov.in/governors_chiefministers.htm,178
259,Meghalaya,Shri Mukul Sangma,,20-04-2010,,,http://megassembly.gov.in/governors_chiefministers.htm,
260,Mizoram,Ch Chhunga,,03-05-1972,10-05-1977,,https://rajbhavan.mizoram.gov.in/page/chief-ministers-of-mizoram,1833
261,Mizoram,President's Rule,,11-05-1977,01-06-1978,,https://rajbhavan.mizoram.gov.in/page/chief-ministers-of-mizoram,386
262,Mizoram,Brig T Sailo,,02-06-1978,10-11-1978,,https://rajbhavan.mizoram.gov.in/page/chief-ministers-of-mizoram,161
263,Mizoram,President's Rule,,11-11-1978,07-05-1979,,https://rajbhavan.mizoram.gov.in/page/chief-ministers-of-mizoram,177
264,Mizoram,Brig T Sailo,,08-05-1979,04-05-1984,,https://rajbhavan.mizoram.gov.in/page/chief-ministers-of-mizoram,1823
265,Mizoram,Lal Thanhawla,,05-05-1984,20-08-1986,,https://rajbhavan.mizoram.gov.in/page/chief-ministers-of-mizoram,837
266,Mizoram,Laldenga,,21-08-1986,19-02-1987,,https://rajbhavan.mizoram.gov.in/page/chief-ministers-of-mizoram,182
267,Mizoram,Laldenga,,20-02-1987,07-10-1988,,https://rajbhavan.mizoram.gov.in/page/chief-ministers-of-mizoram,595
268,Mizoram,President's Rule,,08-10-1988,23-01-1989,,https://rajbhavan.mizoram.gov.in/page/chief-ministers-of-mizoram,107
269,Mizoram,Lal Thanhawla,,24-01-1989,07-12-1993,,https://rajbhavan.mizoram.gov.in/page/chief-ministers-of-mizoram,1778
270,Mizoram,Lal Thanhawla,,08-12-1993,03-12-1998,,https://rajbhavan.mizoram.gov.in/page/chief-ministers-of-mizoram,1821
271,Mizoram,Zoramthanga,,04-12-1998,###############################################################################################################################################################################################################################################################,,https://rajbhavan.mizoram.gov.in/page/chief-ministers-of-mizoram,
272,Mizoram,Zoramthanga,,25-06-1905,09-12-2008,,https://rajbhavan.mizoram.gov.in/page/chief-ministers-of-mizoram,37788
273,Mizoram,Lal Thanhawla,,10-12-2008,11-12-2013,,https://rajbhavan.mizoram.gov.in/page/chief-ministers-of-mizoram,1827
274,Mizoram,Lal Thanhawla,,12-12-2013,14-12-2018,,https://rajbhavan.mizoram.gov.in/page/chief-ministers-of-mizoram,1828
275,Mizoram,Zoramthanga,,15-12-2018,Till-Date,,https://rajbhavan.mizoram.gov.in/page/chief-ministers-of-mizoram,#VALUE!
276,Nagaland, P.Shilu Ao,,01-12-1963,14-08-1966,,https://www.nagaland.gov.in/portal/portal/StatePortal/Government/ChiefMinister,987
277,Nagaland, T.N. Angami,,14-08-1966,22-02-1969,,https://www.nagaland.gov.in/portal/portal/StatePortal/Government/ChiefMinister,923
278,Nagaland, Hokishe Sema,,22-02-1969,26-02-1974,,https://www.nagaland.gov.in/portal/portal/StatePortal/Government/ChiefMinister,1830
279,Nagaland, Vizol Angami,,26-02-1974,10-03-1975,,https://www.nagaland.gov.in/portal/portal/StatePortal/Government/ChiefMinister,377
280,Nagaland, John Bosco   Jasokie,,10-03-1975,20-03-1975,,https://www.nagaland.gov.in/portal/portal/StatePortal/Government/ChiefMinister,10
281,Nagaland, President's   rule,,20-03-1975,25-11-1977,,https://www.nagaland.gov.in/portal/portal/StatePortal/Government/ChiefMinister,981
282,Nagaland, Vizol   Angami[2],,25-11-1977,18-04-1980,,https://www.nagaland.gov.in/portal/portal/StatePortal/Government/ChiefMinister,875
283,Nagaland, S.C. Jamir,,18-04-1980,04-06-1980,,https://www.nagaland.gov.in/portal/portal/StatePortal/Government/ChiefMinister,47
284,Nagaland, John Bosco  Jasokie[2],,05-06-1980,18-11-1982,,https://www.nagaland.gov.in/portal/portal/StatePortal/Government/ChiefMinister,896
285,Nagaland, S.C. Jamir[2],,18-11-1982,28-10-1986,,https://www.nagaland.gov.in/portal/portal/StatePortal/Government/ChiefMinister,1440
286,Nagaland, Hokishe Sema[2],,29-10-1986,07-08-1988,,https://www.nagaland.gov.in/portal/portal/StatePortal/Government/ChiefMinister,648
287,Nagaland, President's   rule,,07-08-1988,25-01-1989,,https://www.nagaland.gov.in/portal/portal/StatePortal/Government/ChiefMinister,171
288,Nagaland, S.C. Jamir[3],,25-01-1989,10-05-1990,,https://www.nagaland.gov.in/portal/portal/StatePortal/Government/ChiefMinister,470
289,Nagaland, K.L. Chishi,,16-05-1990,19-06-1990,,https://www.nagaland.gov.in/portal/portal/StatePortal/Government/ChiefMinister,34
290,Nagaland, Vamuzo Phesao,,19-06-1990,02-04-1992,,https://www.nagaland.gov.in/portal/portal/StatePortal/Government/ChiefMinister,653
291,Nagaland, President's   rule,,02-04-1992,22-02-1993,,https://www.nagaland.gov.in/portal/portal/StatePortal/Government/ChiefMinister,326
292,Nagaland, S.C. Jamir[4],,22-02-1993,06-03-2003,,https://www.nagaland.gov.in/portal/portal/StatePortal/Government/ChiefMinister,3664
293,Nagaland, Neiphiu Rio,,06-03-2003,03-01-2008,,https://www.nagaland.gov.in/portal/portal/StatePortal/Government/ChiefMinister,1764
294,Nagaland, President's   rule,,03-01-2008,12-03-2008,,https://www.nagaland.gov.in/portal/portal/StatePortal/Government/ChiefMinister,69
295,Nagaland, Neiphiu Rio [2],,12-03-2008,23-05-2014,,https://www.nagaland.gov.in/portal/portal/StatePortal/Government/ChiefMinister,2263
296,Nagaland, T.R. Zeliang,,24-05-2014,19-02-2017,,https://www.nagaland.gov.in/portal/portal/StatePortal/Government/ChiefMinister,1002
297,Nagaland, Dr.Shurhozelie  Liezietsu,,22-02-2017,18-07-2017,,https://www.nagaland.gov.in/portal/portal/StatePortal/Government/ChiefMinister,146
298,Nagaland, T.R. Zeliang,,19-07-2017,07-03-2018,,https://www.nagaland.gov.in/portal/portal/StatePortal/Government/ChiefMinister,231
299,Nagaland, Neiphiu Rio,,08-03-2018,Present,,https://www.nagaland.gov.in/portal/portal/StatePortal/Government/ChiefMinister,#VALUE!
300,Odisha,Captain Krishna Chandra Gajapati Narayan Deo,,24-11-1941,30-06-1944,,https://cm.odisha.gov.in/former-cms,949
301,Odisha,Dr. Harekrushna Mahtab,,23-04-1946,12-05-1950,,https://cm.odisha.gov.in/former-cms,1480
302,Odisha,Shri Nabakrushna Choudhury,,12-05-1950,19-10-1956,,https://cm.odisha.gov.in/former-cms,2352
303,Odisha,Dr. Harekrushna Mahtab,,19-10-1956,25-02-1961,,https://cm.odisha.gov.in/former-cms,1590
304,Odisha,Shri Biren Mitra,,02-10-1963,21-02-1965,,https://cm.odisha.gov.in/former-cms,508
305,Odisha,Shri Sadasiva Tripathy,,21-02-1965,08-03-1967,,https://cm.odisha.gov.in/former-cms,745
306,Odisha,Shri Rajendra Narayan Singh Deo,,08-03-1967,09-01-1971,,https://cm.odisha.gov.in/former-cms,1403
307,Odisha,Shri Biswanath Das,,03-04-1971,14-06-1972,,https://cm.odisha.gov.in/former-cms,438
308,Odisha,Smt. Nandini Satapathy,,14-06-1972,16-12-1976,,https://cm.odisha.gov.in/former-cms,1646
309,Odisha,Shri Binayak Acharya,,29-12-1976,30-04-1977,,https://cm.odisha.gov.in/former-cms,122
310,Odisha,Shri Nilamani Routray,,26-06-1977,17-02-1980,,https://cm.odisha.gov.in/former-cms,966
311,Odisha,Shri Janaki Ballav Patnaik,,09-06-1980,07-12-1989,,https://cm.odisha.gov.in/former-cms,3468
312,Odisha,Shri Hemananda Biswal,,07-12-1989,04-03-1990,,https://cm.odisha.gov.in/former-cms,87
313,Odisha,Shri Biju Patnaik,,05-03-1990,15-03-1995,,https://cm.odisha.gov.in/former-cms,1836
314,Odisha,Shri Janaki Ballav Patnaik,,15-03-1995,17-02-1999,,https://cm.odisha.gov.in/former-cms,1435
315,Odisha,Dr. Giridhar Gamang,,17-02-1999,06-12-1999,,https://cm.odisha.gov.in/former-cms,292
316,Odisha,Shri Hemananda Biswal,,06-12-1999,05-03-2000,,https://cm.odisha.gov.in/former-cms,90
317,Rajasthan,Heera Lal Shastri,,07-04-1949,05-01-1951,,https://rajassembly.nic.in/CMFormer.aspx,638
318,Rajasthan,C.S. Venkatachari,,06-01-1951,25-04-1951,,https://rajassembly.nic.in/CMFormer.aspx,109
319,Rajasthan,Jai Narayan Vyas,,26-04-1951,03-03-1952,,https://rajassembly.nic.in/CMFormer.aspx,312
320,Rajasthan,Jai Narayan Vyas,,01-11-1952,12-11-1954,,https://rajassembly.nic.in/CMFormer.aspx,741
321,Rajasthan,Tikaram Paliwal,,03-03-1952,31-10-1952,,https://rajassembly.nic.in/CMFormer.aspx,242
322,Rajasthan,Mohan Lal Sukhadia,,13-11-1954,11-04-1957,,https://rajassembly.nic.in/CMFormer.aspx,880
323,Rajasthan,Mohan Lal Sukhadia,,11-04-1957,11-03-1962,,https://rajassembly.nic.in/CMFormer.aspx,1795
324,Rajasthan,Mohan Lal Sukhadia,,12-03-1962,13-03-1967,,https://rajassembly.nic.in/CMFormer.aspx,1827
325,Rajasthan,Mohan Lal Sukhadia,,26-04-1967,09-07-1971,,https://rajassembly.nic.in/CMFormer.aspx,1535
326,Rajasthan,Barkatullah Khan,,09-07-1971,11-10-1973,,https://rajassembly.nic.in/CMFormer.aspx,825
327,Rajasthan,Hari Dev Joshi,,11-10-1973,29-04-1977,,https://rajassembly.nic.in/CMFormer.aspx,1296
328,Rajasthan,Hari Dev Joshi,,10-03-1985,20-01-1988,,https://rajassembly.nic.in/CMFormer.aspx,1046
329,Rajasthan,Hari Dev Joshi,,04-12-1989,04-03-1990,,https://rajassembly.nic.in/CMFormer.aspx,90
330,Rajasthan,Bhairon Singh Shekhawat,,22-06-1977,16-02-1980,,https://rajassembly.nic.in/CMFormer.aspx,969
331,Rajasthan,Jagannath Pahadia,,06-06-1980,13-07-1981,,https://rajassembly.nic.in/CMFormer.aspx,402
332,Rajasthan,Shiv Charan Mathur,,14-07-1981,23-02-1985,,https://rajassembly.nic.in/CMFormer.aspx,1320
333,Rajasthan,Shiv Charan Mathur,,20-01-1988,04-12-1989,,https://rajassembly.nic.in/CMFormer.aspx,684
334,Rajasthan,Heera Lal Devpura,,23-02-1985,10-03-1985,,https://rajassembly.nic.in/CMFormer.aspx,15
335,Rajasthan,Ashok Gehlot,,01-12-1998,08-12-2003,,https://rajassembly.nic.in/CMFormer.aspx,1833
336,Rajasthan,Ashok Gehlot,,13-12-2008,13-12-2013,,https://rajassembly.nic.in/CMFormer.aspx,1826
337,Rajasthan,Smt. Vasundhara Raje,,08-12-2003,13-12-2008,,https://rajassembly.nic.in/CMFormer.aspx,1832
338,Rajasthan,Smt. Vasundhara Raje,,13-12-2013,17-12-2018,,https://rajassembly.nic.in/CMFormer.aspx,1830
339,Sikkim,Prem Singh Tamang,,27-05-2019,Present,,https://www.oneindia.com/list-of-chief-ministers-of-sikkim/,#VALUE!
340,Sikkim,Pawan Kumar Chamling,,21-05-2014,27-05-2019,,https://www.oneindia.com/list-of-chief-ministers-of-sikkim/,1832
341,Sikkim,Pawan Kumar Chamling,,20-05-2009,21-05-2014,,https://www.oneindia.com/list-of-chief-ministers-of-sikkim/,1827
342,Sikkim,Pawan Kumar Chamling,,21-05-2004,20-05-2009,,https://www.oneindia.com/list-of-chief-ministers-of-sikkim/,1825
343,Sikkim,Pawan Kumar Chamling,,01-10-1999,21-05-2004,,https://www.oneindia.com/list-of-chief-ministers-of-sikkim/,1694
344,Sikkim,Pawan Kumar Chamling,,12-12-1994,01-10-1999,,https://www.oneindia.com/list-of-chief-ministers-of-sikkim/,1754
345,Sikkim,Sanchaman Limboo,,17-06-1994,12-12-1994,,https://www.oneindia.com/list-of-chief-ministers-of-sikkim/,178
346,Sikkim,Nar Bahadur Bhandari,,30-11-1989,17-06-1994,,https://www.oneindia.com/list-of-chief-ministers-of-sikkim/,1660
347,Sikkim,Nar Bahadur Bhandari,,08-03-1985,30-11-1989,,https://www.oneindia.com/list-of-chief-ministers-of-sikkim/,1728
348,Sikkim,President's rule,,25-05-1984,08-03-1985,,https://www.oneindia.com/list-of-chief-ministers-of-sikkim/,287
349,Sikkim,B. B. Gurung,,11-05-1984,25-05-1984,,https://www.oneindia.com/list-of-chief-ministers-of-sikkim/,14
350,Sikkim,Nar Bahadur Bhandari,,18-10-1979,11-05-1984,,https://www.oneindia.com/list-of-chief-ministers-of-sikkim/,1667
351,Sikkim,President's rule,,18-08-1979,18-10-1979,,https://www.oneindia.com/list-of-chief-ministers-of-sikkim/,61
352,Sikkim,Kazi Lhendup Dorjee,,16-05-1975,18-08-1979,,https://www.oneindia.com/list-of-chief-ministers-of-sikkim/,1555
353,Tamil Nadu,Thiru A Subbarayalu,,17-12-1920,11-07-1921,,http://www.assembly.tn.gov.in/history/cmlist.htm,206
354,Tamil Nadu,Thiru Panagal Raja,,11-07-1921,03-12-1926,,http://www.assembly.tn.gov.in/history/cmlist.htm,1971
355,Tamil Nadu,Dr. P Subbarayan,,04-12-1926,27-10-1930,,http://www.assembly.tn.gov.in/history/cmlist.htm,1423
356,Tamil Nadu,Thiru P Munuswamy Naidu,,27-10-1930,04-11-1932,,http://www.assembly.tn.gov.in/history/cmlist.htm,739
357,Tamil Nadu,"Thiru Ramakrishna Ranga Rao, Raja of Bobbili",,05-11-1932,04-04-1936,,http://www.assembly.tn.gov.in/history/cmlist.htm,1246
358,Tamil Nadu,Thiru P T Rajan,,04-04-1936,24-08-1936,,http://www.assembly.tn.gov.in/history/cmlist.htm,142
359,Tamil Nadu,"Thiru Ramakrishna Ranga Rao, Raja of Bobbili",,24-08-1936,01-04-1937,,http://www.assembly.tn.gov.in/history/cmlist.htm,220
360,Tamil Nadu,Thiru Kurma Venkata Reddy Naidu,,01-04-1937,14-07-1937,,http://www.assembly.tn.gov.in/history/cmlist.htm,104
361,Tamil Nadu,Thiru C Rajagopalachari,,14-07-1937,29-10-1939,,http://www.assembly.tn.gov.in/history/cmlist.htm,837
362,Tamil Nadu,Thiru Tanguturi Prakasam,,30-04-1946,23-03-1947,,http://www.assembly.tn.gov.in/history/cmlist.htm,327
363,Tamil Nadu,Thiru O P Ramaswamy Reddiyar,,23-03-1947,06-04-1949,,http://www.assembly.tn.gov.in/history/cmlist.htm,745
364,Tamil Nadu,Thiru P S  Kumaraswamy Raja,,06-04-1949,09-04-1952,,http://www.assembly.tn.gov.in/history/cmlist.htm,1099
365,Tamil Nadu,Thiru C  Rajagopalachari,,10-04-1952,13-04-1954,,http://www.assembly.tn.gov.in/history/cmlist.htm,733
366,Tamil Nadu,Thiru K Kamaraj,,13-04-1954,02-10-1963,,http://www.assembly.tn.gov.in/history/cmlist.htm,3459
367,Tamil Nadu,Thiru M Bakthavatsalam,,02-10-1963,06-03-1967,,http://www.assembly.tn.gov.in/history/cmlist.htm,1251
368,Tamil Nadu,Dr. C.N. Annadurai,,06-03-1967,03-02-1969,,http://www.assembly.tn.gov.in/history/cmlist.htm,700
369,Tamil Nadu,Dr. Kalaignar M Karunanidhi,,10-02-1969,04-01-1971,,http://www.assembly.tn.gov.in/history/cmlist.htm,693
370,Tamil Nadu,Dr. Kalaignar M Karunanidhi,,15-03-1971,31-01-1976,,http://www.assembly.tn.gov.in/history/cmlist.htm,1783
371,Tamil Nadu,Dr. M G Ramachandran,,30-06-1977,17-02-1980,,http://www.assembly.tn.gov.in/history/cmlist.htm,962
372,Tamil Nadu,Dr. M G Ramachandran,,09-06-1980,15-11-1984,,http://www.assembly.tn.gov.in/history/cmlist.htm,1620
373,Tamil Nadu,Dr. M G Ramachandran,,10-02-1985,24-12-1987,,http://www.assembly.tn.gov.in/history/cmlist.htm,1047
374,Tamil Nadu,Thirumathi Janaki Ramachandran,,07-01-1988,30-01-1988,,http://www.assembly.tn.gov.in/history/cmlist.htm,23
375,Tamil Nadu,Dr. Kalaignar M Karunanidhi,,27-01-1989,30-01-1991,,http://www.assembly.tn.gov.in/history/cmlist.htm,733
376,Tamil Nadu,Dr. Selvi J Jayalalithaa,,24-06-1991,12-05-1996,,http://www.assembly.tn.gov.in/history/cmlist.htm,1784
377,Tamil Nadu,Dr. Kalaignar M Karunanidhi,,13-05-1996,13-05-2001,,http://www.assembly.tn.gov.in/history/cmlist.htm,1826
378,Tamil Nadu,Dr. Selvi J Jayalalithaa,,14-05-2001,21-09-2001,,http://www.assembly.tn.gov.in/history/cmlist.htm,130
379,Tamil Nadu,Thiru O. Panneerselvam,,21-09-2001,01-03-2002,,http://www.assembly.tn.gov.in/history/cmlist.htm,161
380,Tamil Nadu,Dr. Selvi J Jayalalithaa,,02-03-2002,12-05-2006,,http://www.assembly.tn.gov.in/history/cmlist.htm,1532
381,Tamil Nadu,Dr. Kalaignar M. Karunanidhi,,13-05-2006,15-05-2011,,http://www.assembly.tn.gov.in/history/cmlist.htm,1828
382,Tamil Nadu,Dr. Selvi J Jayalalithaa,,16-05-2011,27-09-2014,,http://www.assembly.tn.gov.in/history/cmlist.htm,1230
383,Tamil Nadu,Thiru O. Panneerselvam,,29-09-2014,22-05-2015,,http://www.assembly.tn.gov.in/history/cmlist.htm,235
384,Tamil Nadu,Dr. Selvi J Jayalalithaa,,23-05-2015,21-05-2016,,http://www.assembly.tn.gov.in/history/cmlist.htm,364
385,Tamil Nadu,Dr. Selvi J Jayalalithaa,,23-05-2016,05-12-2016,,http://www.assembly.tn.gov.in/history/cmlist.htm,196
386,Tamil Nadu,Thiru O. Panneerselvam,,06-12-2016,15-02-2017,,http://www.assembly.tn.gov.in/history/cmlist.htm,71
387,Tripura,Sachindra Lal Singh,,01-07-1963,01-11-1971,,https://tripurainfo.com/AboutTripura/Tripura_CMs.htm,3045
388,Tripura,Vacant,,01-11-1971,20-03-1972,,https://tripurainfo.com/AboutTripura/Tripura_CMs.htm,140
389,Tripura,(President's rule),,,,,https://tripurainfo.com/AboutTripura/Tripura_CMs.htm,0
390,Tripura,Sukhamoy Sen Gupta,,20-03-1972,31-03-1977,,https://tripurainfo.com/AboutTripura/Tripura_CMs.htm,1837
391,Tripura,Prafulla Kumar Das,,01-04-1977,25-07-1977,,https://tripurainfo.com/AboutTripura/Tripura_CMs.htm,115
392,Tripura,Radhika Ranjan Gupta,,26-07-1977,04-11-1977,,https://tripurainfo.com/AboutTripura/Tripura_CMs.htm,101
393,Tripura,Vacant,,05-11-1977,05-01-1978,,https://tripurainfo.com/AboutTripura/Tripura_CMs.htm,61
394,Tripura,(President's rule),,,,,https://tripurainfo.com/AboutTripura/Tripura_CMs.htm,0
395,Tripura,Nripen Chakraborty,,05-01-1978,05-02-1988,,https://tripurainfo.com/AboutTripura/Tripura_CMs.htm,3683
396,Tripura,Sudhir Ranjan Majumdar,,05-02-1988,19-02-1992,,https://tripurainfo.com/AboutTripura/Tripura_CMs.htm,1475
397,Tripura,Samir Ranjan Barman,,19-02-1992,10-03-1993,,https://tripurainfo.com/AboutTripura/Tripura_CMs.htm,385
398,Tripura,Vacant,,11-03-1993,10-04-1993,,https://tripurainfo.com/AboutTripura/Tripura_CMs.htm,30
399,Tripura,(President's rule),,,,,https://tripurainfo.com/AboutTripura/Tripura_CMs.htm,0
400,Tripura,Dasarath Deb,,10-04-1993,11-03-1998,,https://tripurainfo.com/AboutTripura/Tripura_CMs.htm,1796
401,Tripura,Manik Sarkar,,11-03-1998,09-03-2018,,https://tripurainfo.com/AboutTripura/Tripura_CMs.htm,7303
402,Tripura,Biplab Kumar Deb,,09-03-2018,,,https://tripurainfo.com/AboutTripura/Tripura_CMs.htm,
403,Uttar Pradesh,Sri Govind Ballabh Pant,,01-04-1946,27-12-1954,,http://up.gov.in/upexcms.aspx,3192
404,Uttar Pradesh,Sri Sampoornananda,,28-12-1954,06-12-1960,,http://up.gov.in/upexcms.aspx,2170
405,Uttar Pradesh,Sri Chandrabhanu Gupta,,07-12-1960,14-03-1962,,http://up.gov.in/upexcms.aspx,462
406,Uttar Pradesh,Sri Chandrabhanu Gupta,,14-03-1962,01-10-1963,,http://up.gov.in/upexcms.aspx,566
407,Uttar Pradesh,Ms Sucheta Kriplani,,02-10-1963,13-03-1967,,http://up.gov.in/upexcms.aspx,1258
408,Uttar Pradesh,Sri Chandrabhanu Gupta,,14-03-1967,02-04-1967,,http://up.gov.in/upexcms.aspx,19
409,Uttar Pradesh,Sri Charan Singh,,03-04-1967,25-02-1968,,http://up.gov.in/upexcms.aspx,328
410,Uttar Pradesh,Sri Chandrabhanu Gupta,,26-02-1969,17-02-1970,,http://up.gov.in/upexcms.aspx,356
411,Uttar Pradesh,Sri Charan Singh,,17-02-1970,01-10-1970,,http://up.gov.in/upexcms.aspx,226
412,Uttar Pradesh,Sri T N Singh,,18-10-1970,03-04-1971,,http://up.gov.in/upexcms.aspx,167
413,Uttar Pradesh,Pt. Kamlapati Tripathi,,04-04-1971,12-06-1973,,http://up.gov.in/upexcms.aspx,800
414,Uttar Pradesh,Sri Hemvati Nandan Bahuguna,,08-11-1973,04-03-1974,,http://up.gov.in/upexcms.aspx,116
415,Uttar Pradesh,Sri Hemvati Nandan Bahuguna,,15-03-1974,29-11-1975,,http://up.gov.in/upexcms.aspx,624
416,Uttar Pradesh,Sri N.D. Tiwari,,21-01-1976,30-04-1977,,http://up.gov.in/upexcms.aspx,465
417,Uttar Pradesh,Sri Ram Naresh yadav,,23-06-1977,27-02-1979,,http://up.gov.in/upexcms.aspx,614
418,Uttar Pradesh,Sri Banarasi Das,,28-02-1979,17-02-1980,,http://up.gov.in/upexcms.aspx,354
419,Uttar Pradesh,Sri V.P. Singh,,09-06-1980,18-07-1982,,http://up.gov.in/upexcms.aspx,769
420,Uttar Pradesh,Sri Sripati Misra,,19-07-1982,03-08-1984,,http://up.gov.in/upexcms.aspx,746
421,Uttar Pradesh,Sri N.D. Tiwari,,03-08-1984,10-03-1985,,http://up.gov.in/upexcms.aspx,219
422,Uttar Pradesh,Sri N.D. Tiwari,,11-03-1985,24-09-1985,,http://up.gov.in/upexcms.aspx,197
423,Uttar Pradesh,Sri Vir Bahadur Singh,,24-09-1985,24-06-1988,,http://up.gov.in/upexcms.aspx,1004
424,Uttar Pradesh,Sri N.D. Tiwari,,25-06-1988,05-12-1989,,http://up.gov.in/upexcms.aspx,528
425,Uttar Pradesh,Sri Mulayam Singh Yadav,,05-12-1989,24-06-1991,,http://up.gov.in/upexcms.aspx,566
426,Uttar Pradesh,Sri Kalyan Singh,,24-06-1991,06-12-1992,,http://up.gov.in/upexcms.aspx,531
427,Uttar Pradesh,Sri Mulayam Singh Yadav,,04-12-1993,03-06-1995,,http://up.gov.in/upexcms.aspx,546
428,Uttar Pradesh,Ms. Mayawati,,03-06-1995,17-10-1995,,http://up.gov.in/upexcms.aspx,136
429,Uttar Pradesh,Ms. Mayawati,,21-03-1997,21-09-1997,,http://up.gov.in/upexcms.aspx,184
430,Uttar Pradesh,Sri Kalyan Singh,,21-09-1997,11-11-1999,,http://up.gov.in/upexcms.aspx,781
431,Uttar Pradesh,Sri. Ram Prakash Gupta,,12-11-1999,28-10-2000,,http://up.gov.in/upexcms.aspx,351
432,Uttar Pradesh,Sri Rajnath Singh,,28-10-2000,07-03-2002,,http://up.gov.in/upexcms.aspx,495
433,Uttar Pradesh,Ms. Mayawati,,03-05-2002,28-08-2003,,http://up.gov.in/upexcms.aspx,482
434,Uttar Pradesh,Sri Mulayam Singh Yadav,,29-08-2003,12-05-2007,,http://up.gov.in/upexcms.aspx,1352
435,Uttar Pradesh,Ms. Mayawati,,13-05-2007,14-03-2012,,http://up.gov.in/upexcms.aspx,1767
436,Uttar Pradesh,Sri Akhilesh Yadav,,15-03-2012,19-03-2017,,http://up.gov.in/upexcms.aspx,1830
437,Uttarakhand,Shri Nityanand Swami,,09-11-2000,29-10-2001,,https://cm.uk.gov.in/pages/display/1160-exchief-ministers,354
438,Uttarakhand,Shri Bhagat Singh koshiyari,,30-10-2001,01-03-2002,,https://cm.uk.gov.in/pages/display/1160-exchief-ministers,122
439,Uttarakhand,Shri Narayan Dutt Tiwari,,02-03-2002,07-03-2007,,https://cm.uk.gov.in/pages/display/1160-exchief-ministers,1831
440,Uttarakhand,Maj.General.B.C.Khanduri,,07-03-2007,26-06-2009,,https://cm.uk.gov.in/pages/display/1160-exchief-ministers,842
441,Uttarakhand,"Dr.Ramesh Pokhriyal""Nishank""",,27-06-2009,10-09-2011,,https://cm.uk.gov.in/pages/display/1160-exchief-ministers,805
442,Uttarakhand,Maj.General.B.C.Khanduri,,11-09-2011,13-03-2012,,https://cm.uk.gov.in/pages/display/1160-exchief-ministers,184
443,Uttarakhand,Shri Vijaya Bahuguna,,13-03-2012,31-01-2014,,https://cm.uk.gov.in/pages/display/1160-exchief-ministers,689
444,Uttarakhand,Shri Harish Rawat,,01-02-2014,27-03-2016,,https://cm.uk.gov.in/pages/display/1160-exchief-ministers,785
445,Uttarakhand,Shri Harish Rawat,,21-04-2016,22-04-2016,,https://cm.uk.gov.in/pages/display/1160-exchief-ministers,1
446,Uttarakhand,Shri Harish Rawat,,11-05-2016,18-03-2017,,https://cm.uk.gov.in/pages/display/1160-exchief-ministers,311
