State_Name,Assembly_No,Sequence_No,Name,start_date,end_date,days_in_off,delay_apt,Administrative_rule,MLC,Caretaker_CM,Constituency_No,Poll_No,Position,pid,Party,No_Terms,Turncoat,Incumbent,Recontest
Andhra_Pradesh,3,1,Sri (Dr)Neelam Sanjeeva Reddy,12/3/62,28/2/64,718,,no,no,0,185,0,1,AEAP26190,INC,1,FALSE,FALSE,FALSE
Andhra_Pradesh,3,2,Sri Kasu Bramhananda Reddy,29/2/64,28/2/67,1095,1,no,no,0,110,0,1,AEAP25948,INC,1,FALSE,FALSE,FALSE
Andhra_Pradesh,4,1,Sri Kasu Bramhananda Reddy,1/3/67,30/9/71,1674,1,no,no,0,105,0,1,AEAP24868,INC,1,FALSE,FALSE,FALSE
Andhra_Pradesh,4,2,Sri P.V.Narasimha Rao,30/9/71,14/3/72,166,0,no,no,0,243,0,1,AEAP25359,INC,1,FALSE,FALSE,FALSE
Andhra_Pradesh,5,1,Sri P.V.Narasimha Rao,14/3/72,18/1/73,310,0,no,no,0,243,0,1,AEAP24287,INC,1,FALSE,FALSE,FALSE
Andhra_Pradesh,NA,1,President's rule,18/1/73,10/12/73,326,0,yes,no,0,,,,,,,,,
Andhra_Pradesh,5,2,Sri. Jalagam Vengala Rao,10/12/73,5/3/78,1546,0,no,no,0,271,0,1,GEAP30734,INC,2,FALSE,FALSE,FALSE
Andhra_Pradesh,6,1,Dr Marri Chenna Reddy,6/3/78,10/10/80,949,1,no,no,0,219,0,1,AEAP23024,INC(I),1,FALSE,FALSE,FALSE
Andhra_Pradesh,6,2,Sri Tanguturi Anjaiah,11/10/80,24/2/82,501,1,no,yes,0,,,,,,,,,
Andhra_Pradesh,6,3,Sri Bhavanam Venkataram,24/2/82,20/9/82,208,0,no,yes,0,,,,,,,,,
Andhra_Pradesh,6,4,Sri K.Vijaya Bhaskara Reddy,20/9/82,8/1/83,110,0,no,no,1,,,,,,,,,
Andhra_Pradesh,7,1,Sri N.T.Rama Rao,9/1/83,16/8/84,585,1,no,no,0,149,0,1,AEAP14941,IND,1,FALSE,FALSE,FALSE
Andhra_Pradesh,7,2,Sri N.Bhaskara rao,16/8/84,16/9/84,31,0,no,no,0,94,0,1,AEAP13877,IND,1,FALSE,FALSE,FALSE
Andhra_Pradesh,7,3,Sri N.T.Rama Rao,16/9/84,7/3/85,172,0,no,no,0,149,0,1,AEAP14941,IND,1,FALSE,FALSE,FALSE
Andhra_Pradesh,8,1,Sri N.T.Rama Rao,8/3/85,2/12/89,1730,1,no,no,0,289,0,1,AEAP20050,TDP,1,FALSE,FALSE,FALSE
Andhra_Pradesh,9,1,Dr.Marri Chenna Reddy,3/12/89,7/12/90,369,1,no,no,0,208,0,1,AEAP17516,INC,1,FALSE,FALSE,FALSE
Andhra_Pradesh,9,2,Sri N.Janardhana Reddy,17/12/90,9/10/92,662,10,no,no,0,134,0,1,GEAP64950,INC,1,FALSE,FALSE,FALSE
Andhra_Pradesh,9,3,Sri K.VijayaBhaskara Reddy,10/10/92,11/12/94,792,1,no,no,0,184,1,1,AEAP17377,INC,1,FALSE,FALSE,FALSE
Andhra_Pradesh,10,1,Sri N.T.Rama Rao,12/12/94,31/8/95,262,1,no,no,0,3,0,1,AEAP12952,TDP,1,FALSE,FALSE,FALSE
Andhra_Pradesh,10,2,Sri N. Chandra Babu Naidu,1/9/95,9/10/99,1499,1,no,no,0,142,0,1,AEAP14475,TDP,2,TRUE,FALSE,FALSE
Andhra_Pradesh,11,1,Sri N. Chandra Babu Naidu,10/10/99,13/5/04,1677,1,no,no,0,142,0,1,AEAP11737,TDP,1,FALSE,FALSE,FALSE
Andhra_Pradesh,12,1,Dr.Y.S. Rajasekhara Reddy,14/5/04,19/5/09,1831,1,no,no,0,160,0,1,AEAP9640,INC,1,FALSE,FALSE,FALSE
Andhra_Pradesh,13,1,Dr.Y.S. Rajasekhara Reddy,19/5/09,2/9/09,106,0,no,no,0,248,0,1,AEAP7966,INC,1,FALSE,FALSE,FALSE
Andhra_Pradesh,13,2,Sri. K. Rosaiah,3/9/09,24/11/10,447,1,no,yes,0,,,,,,,,,
Andhra_Pradesh,13,3,Sri. N.Kiran Kumar Reddy,25/11/10,28/2/14,1191,1,no,no,0,282,0,1,AEAP8495,INC,2,FALSE,FALSE,FALSE
Andhra_Pradesh,NA,2,President's Rule,1/3/14,2/6/14,93,1,yes,no,0,,,,,,,,,
Andhra_Pradesh,14,1,Chandrababu Naidu,2/6/14,29/5/19,1822,0,no,no,0,175,0,1,AEAP4236,TDP,1,FALSE,FALSE,FALSE
Andhra_Pradesh,15,1,Y. S. Jaganmohan Reddy,30/5/19,,,1,no,no,0,129,0,1,AEAP83077,YSRCP,1,FALSE,FALSE,FALSE
Arunachal_Pradesh,0,1,P.K. Thungon,16/8/75,20/3/78,947,,no,no,1,,,,,,,,,
Arunachal_Pradesh,1,1,P.K. Thungon,21/3/78,6/9/79,534,1,no,no,0,3,0,1,AEAR82169,JNP,1,FALSE,FALSE,FALSE
Arunachal_Pradesh,1,2,Late Tomo Riba,18/9/79,3/11/79,46,12,no,no,0,17,0,1,AEAR81689,PPA,1,FALSE,FALSE,FALSE
Arunachal_Pradesh,NA,3,President's Rule,3/11/79,18/1/80,76,0,,,0,,,,,,,,,
Arunachal_Pradesh,2,1,Gegong Apang,18/1/80,2/2/85,1842,0,no,no,0,19,0,1,AEAR82217,INC(I),2,TRUE,TRUE,TRUE
Arunachal_Pradesh,3,1,Gegong Apang,2/2/85,5/3/90,1857,0,no,no,0,19,0,1,AEAR82217,INC,3,TRUE,TRUE,TRUE
Arunachal_Pradesh,4,1,Gegong Apang,6/3/90,18/3/95,1838,1,no,no,0,34,0,1,AEAR82217,INC,4,FALSE,TRUE,TRUE
Arunachal_Pradesh,5,1,Gegong Apang,19/3/95,18/1/99,1401,1,no,no,0,34,0,1,AEAR82217,INC,5,FALSE,TRUE,TRUE
Arunachal_Pradesh,5,2,Mukut Mithi,19/1/99,9/10/99,263,1,no,no,0,43,0,1,AEAR82223,INC,3,FALSE,TRUE,TRUE
Arunachal_Pradesh,6,1,Mukut Mithi,10/10/99,2/8/03,1392,1,no,no,0,43,0,1,AEAR82223,INC,4,FALSE,TRUE,TRUE
Arunachal_Pradesh,6,2,Gegong Apang,3/8/03,23/10/04,447,1,no,no,0,34,0,1,AEAR82217,AC,6,FALSE,TRUE,TRUE
Arunachal_Pradesh,7,1,Gegong Apang,24/10/04,9/4/07,897,1,no,no,0,34,0,1,AEAR82217,INC,7,TRUE,TRUE,TRUE
Arunachal_Pradesh,7,2,Dorjee Khandu,10/4/07,22/10/09,926,1,no,no,0,,,,,,,,,
Arunachal_Pradesh,8,1,Dorjee Khandu,23/10/09,31/10/11,738,1,no,no,0,3,0,1,AEAR81614,INC,4,FALSE,FALSE,FALSE
Assam,3,1,B.P. Chaliha,3/3/62,1/3/67,1824,,no,no,0,90,0,1,AEAS197674,INC,1,FALSE,FALSE,FALSE
Assam,4,1,B.P. Chaliha,1/3/67,6/11/70,1346,0,no,no,0,110,0,1,AEAS197241,INC,1,FALSE,FALSE,FALSE
Assam,4,2,Mohendra Mohan Choudhury,11/11/70,30/1/72,445,5,no,no,0,58,0,1,AEAS196859,INC,1,FALSE,FALSE,FALSE
Assam,5,1,Shri Sarat Chandra Sinha,31/1/72,12/3/78,2232,1,no,no,0,39,0,1,AEAS196428,INC,1,FALSE,FALSE,FALSE
Assam,6,1,Shri Golap Borbora,12/3/78,4/9/79,541,0,no,no,0,122,0,1,AEAS196808,JNP,1,TRUE,FALSE,TRUE
Assam,6,2,Shri Jogendra Nath Hazarika,9/9/79,11/12/79,93,5,no,no,0,118,0,1,AEAS194829,JNP,1,FALSE,FALSE,FALSE
Assam,NA,1,President's Rule,12/12/79,5/12/80,359,1,yes,no,0,,,,,,,,,
Assam,6,3,Shrimati Anowara Taimur,6/12/80,30/6/81,206,1,no,no,0,68,0,1,AEAS195878,INC(I),1,FALSE,FALSE,FALSE
Assam,NA,2,President's Rule,30/6/81,13/1/82,197,0,yes,no,0,,,,,,,,,
Assam,6,4,Shri Kesab Chandra Gogoi,13/1/82,19/3/82,65,0,no,no,0,116,0,1,AEAS195369,JNP,1,FALSE,FALSE,FALSE
Assam,NA,3,President's Rule,19/3/82,27/2/83,345,0,yes,no,0,,,,,,,,,
Assam,7,1,Shri Hiteswar Saikia,27/2/83,23/12/85,1030,0,no,no,0,104,0,1,AEAS195303,INC,3,FALSE,TRUE,TRUE
Assam,8,1,Shri Prafulla Kumar Mahanta,24/12/85,27/11/90,1799,1,no,no,0,86,0,1,AEAS193203,IND,1,FALSE,FALSE,FALSE
Assam,NA,4,President's Rule,28/11/90,30/6/91,214,1,yes,no,0,,,,,,,,,
Assam,9,1,Shri Hiteswar Saikia,30/6/91,22/4/96,1758,0,no,no,0,104,0,1,AEAS195303,INC,5,FALSE,FALSE,TRUE
Assam,10,1,Dr. Bhumidhar Barman,22/4/96,14/5/96,22,0,no,no,0,60,0,2,,,,,,
Assam,10,2,Shri Prafulla Kumar Mahanta,15/5/96,17/5/01,1828,1,no,no,0,87,0,1,AEAS187558,AGP,2,FALSE,TRUE,TRUE
Assam,11,1,Shri Tarun Gogoi,17/5/01,11/5/06,1820,0,no,no,0,100,1,1,AEAS188688,INC,1,FALSE,FALSE,FALSE
Assam,12,1,Shri Tarun Gogoi,12/5/06,16/5/11,1830,1,no,no,0,100,0,1,AEAS188688,INC,2,FALSE,TRUE,TRUE
Assam,13,1,Shri Tarun Gogoi,17/5/11,21/5/16,1831,1,no,no,0,100,0,1,AEAS188688,INC,3,FALSE,TRUE,TRUE
Assam,14,1,Shri Sarbananda Sonowal,24/5/16,,,3,no,no,0,99,0,1,GEAS74852,BJP,1,FALSE,FALSE,FALSE
Goa,1,1,Shri Pratapsingh R. Rane,9/1/90,27/3/90,77,,no,no,0,18,0,1,,INC,,,,
Goa,1,2,Shri Churchill Alemao,27/3/90,14/4/90,18,0,no,no,0,28,0,1,,INC,,,,
Goa,1,3,Dr. Luis Proto Barbosa,14/4/90,14/12/90,244,0,no,no,0,27,0,1,,INC,,,,
Goa,NA,1,President's Rule,14/12/90,25/1/91,42,0,yes,no,0,,,,,,,,,
Goa,1,4,Shri Ravi S. Naik,25/1/91,18/5/93,844,0,no,no,0,22,0,1,,MAG,,,,
Goa,1,5,Dr. Wilfred de Souza,18/5/93,2/4/94,319,0,no,no,0,8,0,1,,INC,,,,
Goa,1,6,Shri Ravi S. Naik,2/4/94,8/4/94,6,0,no,no,0,22,0,2,,,,,,
Goa,1,7,Dr. Wilfred de Souza,8/4/94,16/12/94,252,0,no,no,0,8,0,1,,INC,,,,
Goa,2,1,Shri Pratapsingh R. Rane,16/12/94,29/7/98,1321,0,no,no,0,18,0,1,,INC,,,,
Goa,2,2,Dr. Wilfred de Souza,29/7/98,23/11/98,117,0,no,no,0,8,0,1,,INC,,,,
Goa,2,3,Shri Luizinho Faleiro,26/11/98,8/2/99,74,3,no,no,0,32,0,1,,INC,,,,
Goa,2,4,Presidents Rule,10/2/99,9/6/99,119,2,yes,no,0,,,,,,,,,
Goa,3,1,Shri Luizinho Faleiro,9/6/99,24/11/99,168,0,no,no,0,32,0,1,,INC,,,,
Goa,3,2,Shri Francisco Sardinha,24/11/99,23/10/00,334,0,no,no,0,31,0,1,,INC,,,,
Goa,3,3,Shri Manohar Parrikar,24/10/00,31/5/02,584,1,no,no,0,10,0,1,,BJP,,,,
Goa,4,1,Shri Manohar Parrikar,1/6/02,2/2/05,977,1,no,no,0,10,0,1,,BJP,,,,
Goa,4,2,Shri Pratapsingh R. Rane,3/2/05,4/3/05,29,1,no,no,0,18,0,1,,INC,,,,
Goa,NA,2,Presidents Rule,4/3/05,6/6/05,94,0,yes,no,0,,,,,,,,,
Goa,4,3,Shri Pratapsingh R. Rane,7/6/05,7/6/07,730,1,no,no,0,18,0,1,,INC,,,,
Goa,5,1,Shri Digambar Kamat,8/6/07,8/3/12,1735,1,no,no,0,30,0,1,,INC,,,,
Goa,6,1,Shri Manohar Parrikar,9/3/12,8/11/14,974,1,no,no,0,11,0,1,,BJP,,,,
Goa,6,2,Shri Laxmikant Parsekar,8/11/14,11/3/17,854,0,no,no,0,1,0,1,,BJP,,,,
Goa,7,1,Shri Manohar Parrikar,14/3/17,17/9/19,917,3,no,no,0,,,,,,,,,
Gujarat,1,1,Dr. Jivraj Narayan Mehta,3/3/62,19/9/63,565,,no,no,0,37,0,1,AEGJ122,INC,1,FALSE,FALSE,FALSE
Gujarat,1,2,Shri Balwantray Mehta,19/9/63,19/9/65,731,0,no,no,0,,,,,,,,,
Gujarat,1,3,Shri Hitendra K. Desai,19/9/65,28/2/67,527,0,no,no,0,141,0,1,AEGJ1092,INC,1,FALSE,FALSE,FALSE
Gujarat,2,1,Shri Hitendra K. Desai,1/3/67,13/5/71,1534,1,no,no,0,155,0,1,AEGJ1092,INC,2,FALSE,TRUE,TRUE
Gujarat,NA,1,President's Rule,13/5/71,17/3/72,309,0,yes,,0,,,,,,,,,
Gujarat,3,1,Shri Ghanshyambhai C. Oza,17/3/72,17/7/73,487,0,no,no,0,113,0,1,AEGJ1698,INC,1,FALSE,FALSE,FALSE
Gujarat,3,2,Shri Chimanbhai J. Patel,17/7/73,9/2/74,207,0,no,no,0,131,0,1,AEGJ2948,INC,1,FALSE,FALSE,FALSE
Gujarat,NA,2,President's Rule,9/2/74,18/6/75,494,0,,,0,,,,,,,,,
Gujarat,4,1,Shri Babubhai J. Patel,18/6/75,12/3/76,268,0,no,no,0,67,0,1,AEGJ962,NCO,2,FALSE,FALSE,TRUE
Gujarat,NA,3,President's Rule,12/3/76,24/12/76,287,0,yes,,0,,,,,,,,,
Gujarat,4,2,Shri Madhavsinh F. Solanki,24/12/76,11/4/77,108,0,no,no,0,139,0,1,AEGJ974,INC,4,FALSE,TRUE,TRUE
Gujarat,4,3,Shri Babubhai J. Patel,11/4/77,17/2/80,1042,0,,,0,67,0,1,AEGJ962,NCO,2,FALSE,FALSE,TRUE
Gujarat,NA,4,President's Rule,17/2/80,6/6/80,110,0,,,0,,,,,,,,,
Gujarat,5,1,Shri Madhavsinh F. Solanki,7/6/80,8/3/85,1735,1,,,0,139,0,1,AEGJ974,INC(I),5,TRUE,TRUE,TRUE
Gujarat,6,1,Shri Madhavsinh F. Solanki,9/3/85,6/7/85,119,1,,,0,139,0,1,AEGJ974,INC,6,TRUE,TRUE,TRUE
Gujarat,6,2,Shri Amarsinh Chaudhary,6/7/85,9/12/89,1617,0,no,no,0,164,0,1,AEGJ8397,INC,4,TRUE,TRUE,TRUE
Gujarat,6,3,Shri Madhavsinh F. Solanki,10/12/89,3/3/90,83,1,,,0,139,0,1,AEGJ974,INC,6,TRUE,TRUE,TRUE
Gujarat,7,1,Shri Chimanbhai Patel,3/3/90,17/2/94,1447,0,,,0,88,0,1,AEGJ2948,JD,4,TRUE,TRUE,TRUE
Gujarat,7,2,Shri Chhabildas Mehta,17/2/94,13/3/95,389,0,no,no,0,54,0,1,AEGJ696,JD,4,TRUE,FALSE,TRUE
Gujarat,8,1,Shri Keshubhai Savdasbhai Patel,14/3/95,20/10/95,220,1,no,no,0,40,0,1,AEGJ2902,BJP,4,FALSE,TRUE,TRUE
Gujarat,8,2,Shri Sureshchandra Rupshanker Mehta,21/10/95,19/9/96,334,1,no,no,0,2,0,1,AEGJ1144,BJP,4,FALSE,TRUE,TRUE
Gujarat,NA,5,President's Rule,19/9/96,23/10/96,34,0,,,0,,,,,,,,,
Gujarat,8,3,Shri Shankersinhji Laxmansinhji Vaghela,23/10/96,27/10/97,369,0,no,no,0,94,1,1,,RJP(G),7,FALSE,FALSE,TRUE
Gujarat,8,4,Shri Dilipbhai Ramanbhai Parikh,28/10/97,4/3/98,127,1,no,no,0,59,0,1,AEGJ5575,BJP,2,FALSE,TRUE,TRUE
Gujarat,9,1,Shri Keshubhai Savdasbhai Patel,4/3/98,6/10/01,1312,0,no,,0,40,0,1,AEGJ2902,BJP,5,FALSE,TRUE,TRUE
Gujarat,9,2,Shri Narendra Modi,7/10/01,26/12/02,445,1,no,no,0,18,1,1,,,,,,
Gujarat,10,1,Shri Narendra Modi,27/12/02,17/1/08,1847,1,no,no,0,77,0,1,AEGJ10969,BJP,1,FALSE,FALSE,FALSE
Gujarat,11,1,Shri Narendra Modi,18/1/08,22/1/13,1831,1,no,no,0,77,0,1,AEGJ10969,BJP,2,FALSE,TRUE,TRUE
Gujarat,12,1,Shri Narendra Modi,23/1/13,22/5/14,484,1,no,no,0,53,0,1,AEGJ10969,BJP,3,FALSE,TRUE,TRUE
Gujarat,12,2,Smt. Anandiben Patel,22/5/14,7/8/16,808,0,no,no,0,41,0,1,AEGJ11043,BJP,4,FALSE,TRUE,TRUE
Gujarat,12,3,Shri Vijaybhai R. Rupani,7/8/16,,,0,no,no,0,69,1,1,,BJP,11,FALSE,FALSE,TRUE
Haryana,0,1,Shri Bhagwat Dayal Sharma,1/11/66,10/3/67,129,,no,no,0,,,,,,,,,
Haryana,1,1,Shri Bhagwat Dayal Sharma,11/3/67,23/3/67,12,1,no,no,0,,,,,,,,,
Haryana,1,2,Rao Birender Singh,24/3/67,20/11/67,241,1,no,no,0,55,0,1,AEHR307,INC,1,FALSE,FALSE,FALSE
Haryana,NA,1,President's Rule,21/11/67,22/5/68,183,1,yes,no,0,,,,,,,,,
Haryana,2,1,SHRI BANSI LAL,21/5/68,14/3/72,1393,-1,no,no,0,66,0,1,AEHR792,INC,1,FALSE,FALSE,FALSE
Haryana,3,1,SHRI BANSI LAL,14/3/72,30/11/75,1356,0,no,no,0,66,0,1,AEHR792,INC,2,FALSE,TRUE,TRUE
Haryana,3,2,Shri Banarsi Das Gupta,1/12/75,30/4/77,516,1,no,no,0,67,0,1,AEHR799,INC,2,FALSE,TRUE,TRUE
Haryana,NA,2,President's Rule,30/4/77,21/6/77,52,0,yes,no,0,,,,,,,,,
Haryana,4,1,Chaudhary Devi Lal,21/6/77,28/6/79,737,0,no,no,0,73,0,1,AEHR1791,JNP,1,FALSE,FALSE,FALSE
Haryana,4,2,Shri Bhajan Lal,28/6/79,23/5/82,1060,0,no,no,0,79,0,1,AEHR828,JNP,3,TRUE,TRUE,TRUE
Haryana,5,1,Shri Bhajan Lal,23/5/82,4/6/86,1473,0,no,no,0,79,0,1,AEHR828,INC,4,TRUE,TRUE,TRUE
Haryana,5,2,SHRI BANSI LAL,5/6/86,20/6/87,380,1,no,no,0,67,1,1,AEHR100316,INC,1,FALSE,FALSE,FALSE
Haryana,6,1,Chaudhary Devi Lal,20/6/87,2/12/89,896,0,no,no,0,31,0,1,AEHR2267,LKD,2,FALSE,FALSE,TRUE
Haryana,6,2,Shri Om Parkash Chautala,2/12/89,22/5/90,171,0,no,no,0,,,,,,,,,
Haryana,6,3,Shri Banarsi Das Gupta,23/5/90,12/7/90,50,1,no,no,0,66,0,1,AEHR3969,LKD,1,FALSE,FALSE,FALSE
Haryana,6,4,Shri Om Parkash Chautala,12/7/90,17/7/90,5,0,no,no,0,,,,,,,,,
Haryana,6,5,Shri Hukam Singh,17/7/90,22/3/91,248,0,no,no,0,64,0,1,AEHR353,LKD,3,FALSE,TRUE,TRUE
Haryana,6,6,Shri Om Parkash Chautala,22/3/91,5/4/91,14,0,no,no,0,33,0,1,AEHR6928,LKD,1,TRUE,FALSE,FALSE
Haryana,NA,3,President's Rule,6/4/91,23/6/91,78,1,yes,no,0,,,,,,,,,
Haryana,7,1,Shri Bhajan Lal,23/6/91,10/5/96,1783,0,no,no,0,79,0,1,AEHR5955,INC,1,FALSE,FALSE,FALSE
Haryana,8,1,SHRI BANSI LAL,11/5/96,21/7/99,1166,1,no,no,0,67,0,1,AEHR792,HVP,4,FALSE,TRUE,TRUE
Haryana,8,2,Shri Om Parkash Chautala,24/7/99,2/3/00,222,3,no,no,0,,,,,,,,,
Haryana,9,1,Shri Om Parkash Chautala,2/3/00,5/3/05,1829,0,no,no,0,45,0,1,AEHR2416,INLD,3,TRUE,TRUE,TRUE
Haryana,10,1,Shri Bhupinder Singh Hooda,5/3/05,25/10/09,1695,0,no,no,0,29,1,1,AEHR2236,INC,2,FALSE,FALSE,TRUE
Haryana,11,1,Shri Bhupinder Singh Hooda,25/10/09,25/10/14,1826,0,no,no,0,61,0,1,AEHR2236,INC,3,FALSE,TRUE,TRUE
Jammu_&_Kashmir,1,1,Bakshi Ghulam Mohammad,20/2/62,12/10/63,599,,no,no,0,,,,,,,,,
Jammu_&_Kashmir,1,2,Khwaja Shamsuddin,12/10/63,29/2/64,140,,no,no,0,,,,,,,,,
Jammu_&_Kashmir,1,3,Ghulam Mohammed Sadiq,29/2/64,30/3/65,395,0,no,no,0,,,,,,,,,
Jammu_&_Kashmir,1,4,Shri Ghulam Mohammed Sadiq,30/3/65,22/2/67,694,0,no,no,0,,,,,,,,,
Jammu_&_Kashmir,2,1,Shri Ghulam Mohammed Sadiq,23/2/67,12/12/71,1753,1,no,no,0,,,,,,,,,
Jammu_&_Kashmir,2,2,Syed Mir Qasim,12/12/71,25/2/75,1171,0,no,no,0,41,0,1,,INC,,,,
Jammu_&_Kashmir,3,1,Sheikh Mohammad Abdullah,25/2/75,26/3/77,760,0,no,yes,0,,,,,,,,,
Jammu_&_Kashmir,NA,1,Governor's Rule (Lakshmi Kanth Jha),26/3/77,9/7/77,105,0,yes,no,0,,,,,,,,,
Jammu_&_Kashmir,4,1,Sheikh Mohammad Abdullah,9/7/77,8/9/82,1887,0,no,no,0,15,0,1,,JKN,,,,
Jammu_&_Kashmir,4,2,Dr Farooq Abdullah,8/9/82,4/5/83,238,0,no,no,0,,,,,,,,,
Jammu_&_Kashmir,5,1,Dr Farooq Abdullah,5/5/83,2/7/84,424,1,no,no,0,,,,,,,,,
Jammu_&_Kashmir,5,2,Shri Ghulam Mohammad Shah,2/7/84,6/3/86,612,0,no,yes,0,,,,,,,,,
Jammu_&_Kashmir,NA,2,Governor's Rule (Shri Jagmohan),6/3/86,7/11/86,246,0,yes,no,0,,,,,,,,,
Jammu_&_Kashmir,5,3,Dr Farooq Abdullah,7/11/86,24/3/87,137,0,no,no,0,15,0,1,,JKN,,,,
Jammu_&_Kashmir,6,1,Dr Farooq Abdullah,25/3/87,19/1/90,1031,1,no,no,0,15,0,1,,JKN,,,,
Jammu_&_Kashmir,NA,3,Governor's Rule (Shri Jagmohan),19/1/90,9/10/96,2455,0,yes,no,0,,,,,,,,,
Jammu_&_Kashmir,7,1,Dr Farooq Abdullah,9/10/96,18/10/02,2200,0,no,no,0,17,0,1,,JKN,,,,
Jammu_&_Kashmir,8,1,Mufti Mohammad Sayeed,2/11/02,2/11/05,1096,15,no,no,0,46,1,1,,JKPDP,,,,
Jammu_&_Kashmir,8,2,Shri Ghulam Nabi Azad,2/11/05,11/7/08,982,0,no,no,0,54,1,1,,,,,,
Jammu_&_Kashmir,NA,4,Governor's Rule (Shri N N Vora),11/7/08,5/1/09,178,0,yes,no,0,,,,,,,,,
Jammu_&_Kashmir,9,1,Shri Omar Abdullah,5/1/09,8/1/15,2194,0,no,no,0,17,0,1,,JKN,,,,
Jammu_&_Kashmir,10,1,Mufti Mohammad Sayeed 0,3/3/15,7/1/16,310,54,no,no,0,40,0,1,,JKPDP,,,,
Jammu_&_Kashmir,NA,5,Governor's Rule (Shri N N Vora),8/1/16,3/4/16,86,1,yes,no,0,,,,,,,,,
Jammu_&_Kashmir,10,2,Ms Mehbooba Mufti,4/4/16,19/6/18,806,1,no,no,0,40,1,1,,JPDP,,,,
Jammu_&_Kashmir,NA,6,Governor's Rule (Shri Satya Pal Malik),23/8/18,31/10/19,434,65,yes,no,0,,,,,,,,,
Jammu_&_Kashmir,NA,7,Lt. Governor's Rule (Shri Girish Chandra Murmu),31/10/19,5/8/20,279,0,yes,no,0,,,,,,,,,
Karnataka,0,1,Sri B.D.JATTI,16/5/58,9/3/62,1393,,no,no,0,,,,,,,,,
Karnataka,0,1,Sri S.R.KANTHI,14/3/62,20/6/62,98,5,no,no,0,,,,,,,,,
Karnataka,0,2,Sri S.NIJALINGAPPA,21/6/62,14/3/67,1727,1,no,no,0,,,,,,,,,
Karnataka,0,1,Sri S.NIJALINGAPPA,15/3/67,28/5/68,440,1,no,no,0,,,,,,,,,
Karnataka,0,2,Sri VEERENDRA PATIL,29/5/68,18/3/71,1023,1,no,no,0,,,,,,,,,
Karnataka,NA,1,PRESIDENT`S RULE,19/3/71,20/3/72,367,1,yes,no,0,,,,,,,,,
Karnataka,0,1,Sri D.DEVRAJ URS,20/3/72,31/12/77,2112,0,no,no,0,,,,,,,,,
Karnataka,NA,2,PRESIDENTS RULE,31/12/77,28/2/78,59,0,yes,no,0,,,,,,,,,
Karnataka,1,1,Sri D.DEVARAJ URS,28/2/78,7/1/80,678,0,no,no,0,123,0,1,AEKA107930,INC(I),1,FALSE,FALSE,FALSE
Karnataka,1,2,Sri R.GUNDU RAO,12/1/80,6/1/83,1090,5,no,no,0,128,0,1,AEKA106140,INC(I),1,FALSE,FALSE,FALSE
Karnataka,1,3,Sri RAMAKRISHNA HEGDE,10/1/83,23/7/83,194,4,no,no,0,171,0,1,AEKA13380,JNP,1,FALSE,FALSE,FALSE
Karnataka,2,1,Sri RAMAKRISHNA HEGDE,24/7/83,29/12/84,524,1,no,no,0,171,0,1,AEKA13379,INC,1,FALSE,FALSE,FALSE
Karnataka,3,1,Sri RAMAKRISHNA HEGDE,8/3/85,13/2/86,342,69,no,no,0,82,0,1,AEKA10205,JNP,1,FALSE,FALSE,FALSE
Karnataka,3,2,Sri RAMAKRISHNA HEGDE,16/2/86,10/8/88,906,3,no,no,0,82,0,1,AEKA10205,JNP,1,FALSE,FALSE,FALSE
Karnataka,3,3,Sri S.R.BOMMAI,13/8/88,21/4/89,251,3,no,no,0,177,0,1,AEKA10869,JNP,1,FALSE,FALSE,FALSE
Karnataka,NA,3,PRESIDENT`S RULE,21/4/89,30/11/89,223,0,yes,no,0,,,,,,,,,
Karnataka,4,1,Sri VEERENDRA PATIL,30/11/89,10/10/90,314,0,no,no,0,7,0,1,AEKA107272,INC,1,FALSE,FALSE,FALSE
Karnataka,NA,4,PRESIDENT`S RULE,10/10/90,17/10/90,7,0,yes,no,0,,,,,,,,,
Karnataka,4,2,Sri S.BANGARAPPA,17/10/90,19/11/92,764,0,no,no,0,166,0,1,AEKA107071,INC,4,FALSE,TRUE,TRUE
Karnataka,4,3,Sri VEERAPPA MOILY,19/11/92,11/12/94,752,0,no,no,0,150,0,1,AEKA106234,INC,4,FALSE,TRUE,TRUE
Karnataka,5,1,Sri H.D.DEVEGOWDA,11/12/94,31/5/96,537,0,no,no,0,94,0,1,AEKA106161,JD,4,TRUE,FALSE,TRUE
Karnataka,5,2,Sri J.H.PATEL,31/5/96,7/10/99,1224,0,no,no,0,158,0,1,GENA18881,JD,4,FALSE,FALSE,TRUE
Karnataka,6,1,Sri S.M.KRISHNA,11/10/99,28/5/04,1691,4,no,no,0,102,0,1,AEKA107872,INC,2,FALSE,FALSE,TRUE
Karnataka,7,1,Sri DHARAM SINGH,28/5/04,2/2/06,615,0,no,no,0,15,0,1,AEKA108,INC,7,FALSE,TRUE,TRUE
Karnataka,7,2,Sri H.D.KUMARA SWAMY,3/2/06,8/10/07,612,1,no,no,0,94,0,1,GEKA3026,JD(S),1,FALSE,FALSE,TRUE
Karnataka,NA,5,PRESIDENT`S RULE,8/10/07,12/11/07,35,0,yes,no,0,,,,,,,,,
Karnataka,7,3,Sri B.S.YEDDYURAPPA,12/11/07,19/11/07,7,0,no,no,0,167,0,1,AEKA2060,BJP,5,FALSE,FALSE,TRUE
Karnataka,NA,6,PRESIDENT`S RULE,20/11/07,29/5/08,191,1,yes,no,0,,,,,,,,,
Karnataka,8,1,Dr B.S.YEDDYURAPPA,30/5/08,4/8/11,1161,1,no,no,0,115,0,1,AEKA2060,BJP,6,FALSE,TRUE,TRUE
Karnataka,8,2,Sri D.V.SADANANDA GOWDA,5/8/11,11/7/12,341,1,no,yes,0,,,,,,,,,
Karnataka,8,3,Sri JAGADISH SHETTAR,12/7/12,,,1,no,no,0,73,0,1,AEKA1493,BJP,4,FALSE,TRUE,TRUE
Kerela,NA,1,President's Rule,10/9/64,6/3/67,907,,yes,no,0,,,,,,,,,
Kerela,4,1,Shri. E. M. S. Namboodiripad,6/3/67,1/11/69,971,0,no,no,0,37,0,1,,,,,,
Kerela,4,2,Shri. C. Achutha Menon,1/11/69,1/8/70,273,0,no,no,0,111,1,1,,,,,,
Kerela,NA,2,President's Rule,1/8/70,4/10/70,64,0,,,0,,,,,,,,,
Kerela,5,1,Shri. C. Achutha Menon,4/10/70,25/3/77,2364,0,no,no,0,56,0,1,,,,,,
Kerela,6,1,Shri. K. Karunakaran,25/3/77,25/4/77,31,0,no,no,0,62,0,1,,,,,,
Kerela,6,2,Shri. A. K. Antony,27/4/77,27/10/78,548,2,no,no,0,,,,,,,,,
Kerela,6,3,Shri. P. K. Vasudevan Nair,29/10/78,7/10/79,343,2,no,no,0,100,0,1,,,,,,
Kerela,6,4,Shri. C. H. Mohammed Koya,12/10/79,1/12/79,50,5,no,no,0,34,0,1,,,,,,
Kerela,NA,3,President's Rule,1/12/79,25/1/80,55,0,yes,no,0,,,,,,,,,
Kerela,7,1,Shri. E. K. Nayanar,25/1/80,20/10/81,634,0,no,no,0,48,0,1,,,,,,
Kerela,7,2,Shri. K. Karunakaran,28/12/81,17/3/82,79,69,no,no,0,62,0,1,,,,,,
Kerela,8,1,Shri. K. Karunakaran,24/5/82,25/3/87,1766,68,no,no,0,62,0,1,,,,,,
Kerela,9,1,Shri. E. K. Nayanar,26/3/87,17/6/91,1544,1,no,no,0,5,0,1,,,,,,
Kerela,10,1,Shri. K. Karunakaran,24/6/91,16/3/95,1361,7,no,no,0,62,0,1,,,,,,
Kerela,10,2,Shri. A. K. Antony,22/3/95,9/5/96,414,6,no,no,0,36,1,1,,,,,,
Kerela,11,1,Shri. E. K. Nayanar,20/5/96,13/5/01,1819,11,no,no,0,12,1,1,,,,,,
Kerela,12,1,Shri. A. K. Antony,17/5/01,29/8/04,1200,4,no,no,0,98,0,1,,,,,,
Kerela,12,2,Shri. Oommen Chandy,31/8/04,12/5/06,619,2,no,no,0,92,0,1,,,,,,
Kerela,13,1,Shri. V. S. Achuthanandan,18/5/06,14/5/11,1822,6,no,no,0,48,0,1,,,,,,
Kerela,14,1,Shri. Oommen Chandy,18/5/11,20/5/16,1829,4,no,no,0,98,0,1,,,,,,
Kerela,15,1,Shri. Pinarayi Vijayan,25/5/16,,,5,no,no,0,12,0,1,,,,,,
Madhya_Pradesh,3,1,Shri Bhagwantrao Mandloi,12/3/62,29/9/63,566,,no,no,0,258,0,1,AEMP1231,INC,1,FALSE,FALSE,FALSE
Madhya_Pradesh,3,2,Shri Dwarka Prasad Mishra,30/9/63,8/3/67,1255,1,no,no,0,,,,,,,,,
Madhya_Pradesh,4,1,Shri Dwarka Prasad Mishra,9/3/67,29/7/67,142,1,no,no,0,174,0,1,AEMP2313,INC,1,FALSE,FALSE,FALSE
Madhya_Pradesh,4,2,Shri Govindnarayan Singh,30/7/67,12/3/69,591,1,no,no,0,48,0,1,AEMP1664,INC,1,FALSE,FALSE,FALSE
Madhya_Pradesh,4,3,Shri Raja Nareshchandra Singh,13/3/69,25/3/69,12,1,no,no,0,87,0,1,AEMP1877,INC,1,FALSE,FALSE,FALSE
Madhya_Pradesh,4,4,Shri Shyamacharan Shukla,26/3/69,28/1/72,1038,1,no,no,0,121,0,1,AEMP2052,INC,1,FALSE,FALSE,FALSE
Madhya_Pradesh,4,5,Shri Prakash Chandra Sethi,29/1/72,22/3/72,53,1,no,no,0,245,0,1,AEMP2704,BJS,1,FALSE,FALSE,FALSE
Madhya_Pradesh,5,1,Shri Prakash Chandra Sethi,23/3/72,22/12/75,1369,1,no,no,0,245,0,1,GEMP19195,INC,1,FALSE,FALSE,FALSE
Madhya_Pradesh,5,2,Shri Shyamacharan Shukla,23/12/75,29/4/77,493,1,no,no,0,121,0,1,AEMP631,INC,2,FALSE,FALSE,FALSE
Madhya_Pradesh,NA,1,Presidents Rule,30/4/77,25/6/77,56,1,yes,no,0,,,,,,,,,
Madhya_Pradesh,6,1,Shri Kailsh Chandra Joshi,26/6/77,17/1/78,205,1,no,no,0,279,0,1,AEMP6173,JNP,1,FALSE,FALSE,FALSE
Madhya_Pradesh,6,2,Shri Virendra Kumar Sakhlecha,18/1/78,19/1/80,731,1,no,no,0,320,0,1,AEMP4304,JNP,1,TRUE,FALSE,TRUE
Madhya_Pradesh,6,3,Shri Sunderlal Patwa,20/1/80,17/2/80,28,1,no,no,0,237,0,1,AEMP14084,JNP,1,FALSE,FALSE,FALSE
Madhya_Pradesh,NA,2,Presidents Rule,18/2/80,8/6/80,111,1,yes,no,0,,,,,,,,,
Madhya_Pradesh,7,1,Shri Arjun Singh,9/6/80,10/3/85,1735,1,no,no,0,73,0,1,AEMP4869,INC(I),2,TRUE,TRUE,TRUE
Madhya_Pradesh,8,1,Shri Arjun Singh,11/3/85,12/3/85,1,1,no,no,0,73,0,1,AEMP4869,INC,3,TRUE,TRUE,TRUE
Madhya_Pradesh,8,2,Shri Motilal Vora,13/3/85,13/2/88,1067,1,no,no,0,162,0,1,AEMP3657,INC,4,TRUE,TRUE,TRUE
Madhya_Pradesh,8,3,Shri Arjun Singh,14/2/88,24/1/89,345,1,no,no,0,73,0,1,AEMP4869,INC,3,TRUE,TRUE,TRUE
Madhya_Pradesh,8,4,Shri Motilal Vora,25/1/89,8/12/89,317,1,no,no,0,162,0,1,AEMP3657,INC,4,TRUE,TRUE,TRUE
Madhya_Pradesh,8,5,Shri Shyamacharan Shukla,9/12/89,4/3/90,85,1,no,no,1,,,,,,,,,
Madhya_Pradesh,9,1,Shri Sunderlal Patwa,5/3/90,15/12/92,1016,1,no,no,0,145,0,1,AEMP17107,BJP,1,FALSE,FALSE,FALSE
Madhya_Pradesh,NA,3,Presidents Rule,16/12/92,6/12/93,355,1,yes,no,0,,,,,,,,,
Madhya_Pradesh,10,1,Shri Digvijay Singh,7/12/93,1/12/98,1820,1,no,no,0,30,1,1,AEMP100526,INC,1,FALSE,FALSE,FALSE
Madhya_Pradesh,11,1,Shri Digvijay Singh,1/12/98,8/12/03,1833,0,no,no,0,31,0,1,AEMP84686,INC,3,TRUE,FALSE,FALSE
Madhya_Pradesh,12,1,Sushri Uma Bharti,8/12/03,23/8/04,259,0,no,no,0,47,0,1,AEMP21726,BJP,1,FALSE,FALSE,FALSE
Madhya_Pradesh,12,2,Shri Babulal Gaur,23/8/04,29/11/05,463,0,no,no,0,148,0,1,AEMP7817,BJP,5,FALSE,TRUE,TRUE
Madhya_Pradesh,12,3,Shri Shivraj Singh Chouhan,29/11/05,12/12/08,1109,0,no,no,0,144,1,1,AEMP100740,BJP,1,FALSE,FALSE,FALSE
Madhya_Pradesh,13,1,Shri Shivraj Singh Chouhan,12/12/08,13/12/13,1827,0,no,no,0,156,0,1,AEMP13961,BJP,2,FALSE,FALSE,FALSE
Madhya_Pradesh,14,1,Shri Shivraj Singh Chouhan,14/12/13,16/12/18,1828,1,no,no,0,156,0,1,AEMP28651,BJP,1,FALSE,FALSE,FALSE
Madhya_Pradesh,15,1,Shri Kamal Nath,17/12/18,22/3/20,461,1,no,no,0,,,,,,,,,
Madhya_Pradesh,15,2,Shri Shivraj Singh Chouhan,23/3/20,,,1,no,no,0,156,0,1,AEMP28651,BJP,2,FALSE,TRUE,TRUE
Meghalaya,0,1,Capt. W.A. Sangma,2/4/70,18/3/72,716,,no,no,1,,,,,,,,,
Meghalaya,1,1,Capt. W.A. Sangma,18/3/72,3/3/78,2176,0,no,no,0,,,,,,,,,
Meghalaya,2,1,Shri D.D. Pugh,10/3/78,6/5/79,422,7,no,no,0,20,0,1,AEML5196209,AHL,1,FALSE,FALSE,FALSE
Meghalaya,2,2,Shri B.B. Lyngdoh,7/5/79,7/5/81,731,1,no,no,0,27,0,1,AEML333,AHL,2,FALSE,TRUE,TRUE
Meghalaya,2,3,Capt. W.A. Sangma,7/5/81,24/2/83,658,0,no,no,0,37,0,1,AEAS197408,INC,1,FALSE,FALSE,FALSE
Meghalaya,3,1,Shri B.B. Lyngdoh,2/3/83,31/3/83,29,6,no,no,0,27,0,1,AEML333,AHL,3,FALSE,TRUE,TRUE
Meghalaya,3,2,Shri W.A. Sangma,2/4/83,5/2/88,1770,2,no,no,0,37,0,1,AEAS197408,INC,2,FALSE,TRUE,TRUE
Meghalaya,4,1,Shri Purno A. Sangma,6/2/88,25/3/90,778,1,no,no,0,52,0,1,AEML1013,INC,1,FALSE,FALSE,FALSE
Meghalaya,4,2,Shri B.B. Lyngdoh,26/3/90,10/10/91,563,1,no,no,0,27,0,1,AEML333,HPU,4,TRUE,TRUE,TRUE
Meghalaya,NA,1,President's Rule,11/10/91,5/2/92,117,1,yes,no,0,,,,,,,,,
Meghalaya,4,3,Shri D.D. Lapang,5/2/92,19/2/93,380,0,no,no,0,10,0,1,AEML55,INC,4,FALSE,TRUE,TRUE
Meghalaya,5,1,Shri S.C. Marak,19/2/93,10/3/98,1845,0,no,no,0,42,0,1,AEML642,INC,5,FALSE,TRUE,TRUE
Meghalaya,6,1,Shri B.B. Lyngdoh,10/3/98,8/3/00,729,0,no,no,0,27,0,1,AEML333,UDP,6,TRUE,TRUE,TRUE
Meghalaya,6,2,Shri E.K. Mawlong,8/3/00,8/12/01,640,0,no,no,0,9,0,1,AEML84,UDP,5,TRUE,TRUE,TRUE
Meghalaya,6,3,Dr. F.A. Khonglam,8/12/01,4/3/03,451,0,no,no,0,29,0,1,AEML343,IND,3,FALSE,TRUE,TRUE
Meghalaya,7,1,Shri D.D. Lapang,4/3/03,15/6/06,1199,0,no,no,0,10,0,1,AEML55,INC,6,FALSE,TRUE,TRUE
Meghalaya,7,2,Shri J. D. Rymbai,15/6/06,10/3/07,268,0,no,no,0,11,0,1,AEML5195487,INC,4,FALSE,TRUE,TRUE
Meghalaya,7,3,Shri D. D. Lapang,10/3/07,19/3/08,375,0,no,no,0,10,0,1,AEML55,INC,6,FALSE,TRUE,TRUE
Meghalaya,8,1,Dr. Donkupar Roy,19/3/08,19/3/09,365,0,no,no,0,30,0,1,AEML472,UDP,5,FALSE,TRUE,TRUE
Meghalaya,NA,2,PRESIDENT'S RULE,19/3/09,13/4/09,25,0,yes,no,0,,,,,,,,,
Meghalaya,8,2,Shri D. D. Lapang,13/5/09,18/4/10,340,30,no,no,0,10,0,1,AEML55,INC,7,FALSE,TRUE,TRUE
Meghalaya,8,3,Shri Mukul Sangma,20/4/10,,,2,no,no,0,58,0,1,GEML5195848,INC,4,FALSE,TRUE,TRUE
Mizoram,1,1,Ch Chhunga,3/5/72,10/5/77,1833,,no,no,0,27,0,1,AEMZ1851,IND,1,FALSE,FALSE,FALSE
Mizoram,1,2,President's Rule,11/5/77,1/6/78,386,1,yes,no,0,,,,,,,,,
Mizoram,2,1,Brig T Sailo,2/6/78,10/11/78,161,1,no,no,0,27,0,1,AEMZ5195732,PPC,1,FALSE,FALSE,FALSE
Mizoram,NA,1,President's Rule,11/11/78,7/5/79,177,1,yes,no,0,,,,,,,,,
Mizoram,3,1,Brig T Sailo,8/5/79,4/5/84,1823,1,no,no,0,27,0,1,AEMZ5195732,PPC,2,FALSE,TRUE,TRUE
Mizoram,4,1,Lal Thanhawla,5/5/84,20/8/86,837,1,no,no,0,24,0,1,AEMZ5196116,INC,2,TRUE,TRUE,TRUE
Mizoram,4,2,Laldenga,21/8/86,19/2/87,182,1,no,no,1,,,,,,,,,
Mizoram,5,1,Laldenga,20/2/87,7/10/88,595,1,no,no,0,34,0,1,AEMZ5196127,IND,1,FALSE,FALSE,FALSE
Mizoram,NA,2,President's Rule,8/10/88,23/1/89,107,1,yes,no,0,,,,,,,,,
Mizoram,6,1,Lal Thanhawla,24/1/89,7/12/93,1778,1,no,no,0,25,0,1,AEMZ5196115,INC,2,FALSE,FALSE,FALSE
Mizoram,7,1,Lal Thanhawla,8/12/93,3/12/98,1821,1,no,no,0,30,0,1,AEMZ5196116,INC,5,FALSE,TRUE,TRUE
Mizoram,8,1,Zoramthanga,4/12/98,1/12/03,1823,1,no,no,0,14,0,1,GEMZ5196270,MNF,4,FALSE,TRUE,TRUE
Mizoram,9,1,Zoramthanga,2/12/03,9/12/08,1834,1,no,no,0,15,0,1,GEMZ5196270,MNF,5,FALSE,TRUE,TRUE
Mizoram,10,1,Lal Thanhawla,10/12/08,11/12/13,1827,1,no,no,0,26,0,1,AEMZ5196116,INC,7,FALSE,TRUE,TRUE
Mizoram,11,1,Lal Thanhawla,12/12/13,14/12/18,1828,1,no,no,0,26,0,1,AEMZ5196116,INC,8,FALSE,TRUE,TRUE
Mizoram,12,1,Zoramthanga,15/12/18,,,1,no,no,0,13,0,1,GEMZ5196270,MNF,6,FALSE,FALSE,TRUE
Nagaland,1,1,P.Shilu Ao,11/2/64,14/8/66,915,,no,no,1,,,,,,,,,
Nagaland,1,2,T.N. Angami,14/8/66,22/2/69,923,0,no,no,0,6,0,1,AENL245,IND,1,FALSE,FALSE,FALSE
Nagaland,2,1,Hokishe Sema,22/2/69,26/2/74,1830,0,no,no,0,30,0,1,AENL5196035,NNO,2,FALSE,TRUE,TRUE
Nagaland,3,1,Vizol Angami,26/2/74,10/3/75,377,0,no,no,0,15,0,1,AENL1117,UDF,2,FALSE,FALSE,FALSE
Nagaland,3,2,John Bosco Jasokie,10/3/75,20/3/75,10,0,no,no,0,9,0,1,AENL16,NNO,3,FALSE,TRUE,TRUE
Nagaland,NA,1,President's rule,20/3/75,25/11/77,981,0,yes,no,0,,,,,,,,,
Nagaland,4,1,Vizol Angami,25/11/77,18/4/80,875,0,no,no,0,15,0,1,AENL1117,UDF,3,FALSE,TRUE,TRUE
Nagaland,4,2,S.C. Jamir,18/4/80,4/6/80,47,0,no,no,0,26,0,1,AENL526,UDF,1,FALSE,FALSE,FALSE
Nagaland,4,3,John Bosco Jasokie,5/6/80,18/11/82,896,1,no,no,0,9,0,1,AENL16,INC,4,TRUE,TRUE,TRUE
Nagaland,5,1,S.C. Jamir,18/11/82,28/10/86,1440,0,no,no,0,26,0,1,AENL526,INC,2,TRUE,TRUE,TRUE
Nagaland,5,2,Hokishe Sema,29/10/86,21/11/87,388,1,no,no,0,4,0,1,AENL449,INC,2,FALSE,TRUE,TRUE
Nagaland,6,1,Hokishe Sema,21/11/87,7/8/88,260,0,no,no,0,4,0,1,AENL449,INC,3,FALSE,TRUE,TRUE
Nagaland,NA,2,President's rule,7/8/88,25/1/89,171,0,yes,no,0,,,,,,,,,
Nagaland,7,1,S.C. Jamir,25/1/89,10/5/90,470,0,no,no,0,27,0,1,AENL526,INC,3,FALSE,FALSE,FALSE
Nagaland,7,2,K.L. Chishi,16/5/90,19/6/90,34,6,no,no,0,32,0,1,AENL279,NPC,4,TRUE,TRUE,TRUE
Nagaland,7,3,Vamuzo Phesao,19/6/90,2/4/92,653,0,no,no,0,,,,,,,,,
Nagaland,7,4,President's rule,2/4/92,22/2/93,326,0,yes,no,0,,,,,,,,,
Nagaland,8,1,S.C. Jamir,22/2/93,4/3/98,1836,0,no,no,0,27,0,1,AENL526,INC,4,FALSE,TRUE,TRUE
Nagaland,9,1,S.C. Jamir,4/3/98,6/3/03,1828,0,no,no,0,26,0,1,AENL526,INC,5,FALSE,TRUE,TRUE
Nagaland,10,1,Neiphiu Rio,6/3/03,3/1/08,1764,0,no,no,0,11,0,1,AENL104,NPF,4,TRUE,TRUE,TRUE
Nagaland,NA,3,President's rule,3/1/08,12/3/08,69,0,yes,no,0,,,,,,,,,
Nagaland,11,2,Neiphiu Rio,12/3/08,27/2/13,1813,0,no,no,0,11,0,1,AENL104,NPF,5,FALSE,TRUE,TRUE
Nagaland,12,1,Neiphiu Rio,28/2/13,23/5/14,449,1,no,no,0,11,0,1,AENL104,NPF,6,FALSE,TRUE,TRUE
Nagaland,12,2,T.R. Zeliang,24/5/14,19/2/17,1002,1,no,no,0,7,0,1,AENL71,NPF,2,FALSE,TRUE,TRUE
Nagaland,12,3,Dr.Shurhozelie Liezietsu,22/2/17,18/7/17,146,3,no,no,0,,,,,,,,,
Nagaland,12,4,T.R. Zeliang,19/7/17,7/3/18,231,1,no,no,0,7,0,1,AENL71,NPF,2,FALSE,TRUE,TRUE
Nagaland,13,1,Neiphiu Rio,8/3/18,,,1,no,no,0,11,0,1,AENL104,NDPP,7,TRUE,FALSE,TRUE
Odisha,4,1,Shri Rajendra Narayan Singh Deo,8/3/67,9/1/71,1403,,no,no,0,103,0,1,AEOD11198,SWA,1,FALSE,FALSE,FALSE
Odisha,NA,1,President's rule,11/1/71,3/4/71,82,2,yes,no,0,,,,,,,,,
Odisha,5,1,Shri Biswanath Das,3/4/71,14/6/72,438,0,no,no,0,125,1,1,AEOD10658,IND,1,FALSE,FALSE,FALSE
Odisha,5,2,Smt. Nandini Satapathy,14/6/72,3/3/73,262,0,no,no,0,41,1,1,AEOD10177,INC,1,FALSE,FALSE,FALSE
Odisha,NA,2,President's rule,3/3/73,6/3/74,368,0,,,0,,,,,,,,,
Odisha,6,1,Smt. Nandini Satapathy,6/3/74,16/12/76,1016,0,no,no,0,41,1,1,,,,,,
Odisha,NA,3,President's rule,16/12/76,29/12/76,13,0,yes,no,0,,,,,,,,,
Odisha,6,2,Shri Binayak Acharya,29/12/76,30/4/77,122,0,no,no,0,75,0,1,AEOD10342,INC,2,FALSE,TRUE,TRUE
Odisha,NA,4,President's rule,30/4/77,26/6/77,57,0,yes,no,0,,,,,,,,,
Odisha,7,1,Shri Nilamani Routray,26/6/77,17/2/80,966,0,no,no,0,22,0,1,AEOD8671,JNP,1,FALSE,FALSE,FALSE
Odisha,NA,5,President's rule,17/2/80,9/6/80,113,0,yes,no,0,,,,,,,,,
Odisha,8,1,Shri Janaki Ballav Patnaik,9/6/80,9/3/85,1734,0,no,no,0,47,1,1,AEOD8061,INC(I),1,FALSE,FALSE,FALSE
Odisha,9,1,Shri Janaki Ballav Patnaik,9/3/85,7/12/89,1734,0,no,no,0,47,0,1,GEOD00000163,INC,1,FALSE,FALSE,FALSE
Odisha,9,2,Shri Hemananda Biswal,7/12/89,4/3/90,87,0,no,no,0,131,0,1,GEOD70941,INC,3,TRUE,TRUE,TRUE
Odisha,10,1,Shri Biju Patnaik,5/3/90,15/3/95,1836,1,no,no,0,50,0,1,AEOD10214,JD,3,TRUE,TRUE,TRUE
Odisha,11,1,Shri Janaki Ballav Patnaik,15/3/95,17/2/99,1435,0,no,no,0,6,1,1,AEOD8061,INC,2,TRUE,FALSE,FALSE
Odisha,11,2,Dr. Giridhar Gamang,17/2/99,6/12/99,292,0,no,no,0,,,,,,,,,
Odisha,11,3,Shri Hemananda Biswal,6/12/99,5/3/00,90,0,no,no,0,131,0,1,GEOD70941,INC,5,FALSE,TRUE,TRUE
Rajasthan,3,1,Mohan Lal Sukhadia,12/3/62,13/3/67,1827,,no,no,0,108,0,1,AERJ568,INC,1,FALSE,FALSE,FALSE
Rajasthan,NA,1,President's rule,13/3/67,26/4/67,44,0,yes,no,0,,,,,,,,,
Rajasthan,4,1,Mohan Lal Sukhadia,26/4/67,9/7/71,1535,0,no,no,0,130,0,1,AERJ568,INC,2,FALSE,TRUE,TRUE
Rajasthan,4,2,Barkatullah Khan,9/7/71,15/3/72,250,0,no,no,0,,,,,,,,,
Rajasthan,5,1,Barkatullah Khan,15/3/72,11/10/73,575,0,no,no,0,147,0,1,AERJ2502,INC,1,FALSE,FALSE,FALSE
Rajasthan,5,2,Hari Dev Joshi,11/10/73,29/4/77,1296,0,no,no,0,119,0,1,AERJ2389,INC,2,FALSE,FALSE,FALSE
Rajasthan,NA,2,President's rule,29/4/77,22/6/77,54,0,yes,no,0,,,,,,,,,
Rajasthan,6,1,Bhairon Singh Shekhawat,22/6/77,16/2/80,969,0,no,no,0,,,,,,,,,
Rajasthan,NA,3,President's rule,16/2/80,6/6/80,111,0,yes,no,0,,,,,,,,,
Rajasthan,7,1,Jagannath Pahadia,6/6/80,13/7/81,402,0,no,no,0,75,1,1,AERJ3391,INC(I),1,FALSE,FALSE,FALSE
Rajasthan,7,2,Shiv Charan Mathur,14/7/81,23/2/85,1320,1,no,no,0,154,0,1,AERJ3580,INC(I),2,TRUE,FALSE,TRUE
Rajasthan,7,3,Heera Lal Devpura,23/2/85,10/3/85,15,0,no,no,0,149,0,1,AERJ34,INC(I),3,TRUE,FALSE,FALSE
Rajasthan,8,1,Hari Dev Joshi,10/3/85,20/1/88,1046,0,no,no,0,131,0,1,AERJ2389,INC,5,TRUE,TRUE,TRUE
Rajasthan,8,2,Shiv Charan Mathur,20/1/88,4/12/89,684,0,no,no,0,154,0,1,AERJ3580,INC,3,TRUE,TRUE,TRUE
Rajasthan,8,3,Hari Dev Joshi,4/12/89,4/3/90,90,0,no,no,0,131,0,1,AERJ2389,INC,5,TRUE,TRUE,TRUE
Rajasthan,9,1,Bhairon Singh Shekhawat,4/3/90,15/12/92,1017,0,no,no,0,114,0,1,AERJ9885,BJP,3,FALSE,TRUE,TRUE
Rajasthan,NA,4,President's rule,15/12/92,4/12/93,354,0,yes,no,0,,,,,,,,,
Rajasthan,10,1,Bhairon Singh Shekhawat,4/12/93,1/12/98,1823,0,no,no,0,166,0,1,AERJ9885,BJP,4,FALSE,TRUE,TRUE
Rajasthan,11,1,Ashok Gehlot,1/12/98,8/12/03,1833,0,no,no,0,82,0,1,AERJ12982,INC,1,FALSE,FALSE,FALSE
Rajasthan,12,1,Smt. Vasundhara Raje,8/12/03,13/12/08,1832,0,no,no,0,118,0,1,AERJ5913,BJP,2,FALSE,FALSE,FALSE
Rajasthan,13,1,Ashok Gehlot,13/12/08,13/12/13,1826,0,no,no,0,127,0,1,GERJ27768,INC,2,FALSE,TRUE,TRUE
Rajasthan,14,1,Smt. Vasundhara Raje,13/12/13,17/12/18,1830,0,no,no,0,198,0,1,AERJ5913,BJP,4,FALSE,TRUE,TRUE
Sikkim,0,1,Kazi Lhendup Dorjee,16/5/75,18/8/79,1555,,no,no,1,,,,,,,,,
Sikkim,NA,1,President's rule,18/8/79,18/10/79,61,0,yes,no,0,,,,,,,,,
Sikkim,1,1,Nar Bahadur Bhandari,18/10/79,11/5/84,1667,0,no,no,0,8,0,1,AESK83554,SJP,1,FALSE,FALSE,FALSE
Sikkim,1,2,B. B. Gurung,11/5/84,25/5/84,14,0,no,no,0,7,0,1,AESK84064,SCR,1,FALSE,FALSE,FALSE
Sikkim,NA,2,President's rule,25/5/84,8/3/85,287,0,yes,no,0,,,,,,,,,
Sikkim,2,1,Nar Bahadur Bhandari,8/3/85,30/11/89,1728,0,no,no,0,8,0,1,AESK83554,SSP,2,TRUE,TRUE,TRUE
Sikkim,3,1,Nar Bahadur Bhandari,30/11/89,17/6/94,1660,0,no,no,0,8,0,1,AESK83554,SSP,3,FALSE,TRUE,TRUE
Sikkim,3,2,Sanchaman Limboo,17/6/94,12/12/94,178,0,no,no,1,,,,,,,,,
Sikkim,4,1,Pawan Kumar Chamling,12/12/94,1/10/99,1754,0,no,no,0,13,0,1,AESK83199,SDF,3,TRUE,TRUE,TRUE
Sikkim,5,1,Pawan Kumar Chamling,1/10/99,21/5/04,1694,0,no,no,0,13,0,1,AESK83199,SDF,4,FALSE,TRUE,TRUE
Sikkim,6,1,Pawan Kumar Chamling,21/5/04,20/5/09,1825,0,no,no,0,,,,,,,,,
Sikkim,7,1,Pawan Kumar Chamling,20/5/09,21/5/14,1827,0,no,no,0,10,0,1,AESK83199,SDF,5,FALSE,FALSE,FALSE
Sikkim,8,1,Pawan Kumar Chamling,21/5/14,27/5/19,1832,0,no,no,0,11,0,1,AESK83199,SDF,6,FALSE,TRUE,TRUE
Sikkim,10,1,Prem Singh Tamang,27/5/19,,,0,no,no,0,28,0,1,,,,,,
Tamil_Nadu,0,2,Thiru K Kamaraj,3/3/62,2/10/63,578,,no,no,0,,,,,,,,,
Tamil_Nadu,0,3,Thiru M Bakthavatsalam,2/10/63,6/3/67,1251,0,no,no,0,,,,,,,,,
Tamil_Nadu,0,4,Dr. C.N. Annadurai,6/3/67,3/2/69,700,0,no,yes,0,,,,,,,,,
Tamil_Nadu,0,5,Dr. Kalaignar M Karunanidhi,10/2/69,4/1/71,693,7,no,no,0,,,,,,,,,
Tamil_Nadu,1,1,Dr. Kalaignar M Karunanidhi,15/3/71,31/1/76,1783,70,no,no,0,12,0,1,AETN189483,DMK,1,FALSE,FALSE,FALSE
Tamil_Nadu,NA,1,President's Rule,31/1/76,29/6/77,515,0,yes,no,0,,,,,,,,,
Tamil_Nadu,2,1,Dr. M G Ramachandran,30/6/77,17/2/80,962,1,no,no,0,204,0,1,AETN211897,ADK,2,TRUE,TRUE,TRUE
Tamil_Nadu,NA,2,President's Rule,17/2/80,8/6/80,112,0,yes,no,0,,,,,,,,,
Tamil_Nadu,3,1,Dr. M G Ramachandran,9/6/80,15/11/84,1620,1,no,no,0,142,0,1,AETN211897,ADK,3,FALSE,TRUE,TRUE
Tamil_Nadu,4,1,Dr. M G Ramachandran,10/2/85,24/12/87,1047,87,no,no,0,135,0,1,AETN211897,ADK,4,FALSE,TRUE,TRUE
Tamil_Nadu,4,2,Thirumathi Janaki Ramachandran,7/1/88,30/1/88,23,14,no,no,1,,,,,,,,,
Tamil_Nadu,NA,3,President's Rule,30/1/88,26/1/89,362,0,yes,,0,,,,,,,,,
Tamil_Nadu,5,1,Dr. Kalaignar M Karunanidhi,27/1/89,30/1/91,733,1,no,no,0,2,0,1,AETN189483,DMK,4,FALSE,FALSE,FALSE
Tamil_Nadu,NA,4,President's Rule,30/1/91,23/6/91,144,0,yes,no,0,,,,,,,,,
Tamil_Nadu,6,1,Dr. Selvi J Jayalalithaa,24/6/91,12/5/96,1784,1,no,no,0,78,0,1,AETN192262,ADK,2,TRUE,TRUE,TRUE
Tamil_Nadu,7,1,Dr. Kalaignar M Karunanidhi,13/5/96,13/5/01,1826,1,no,no,0,11,0,1,AETN189483,DMK,6,FALSE,FALSE,TRUE
Tamil_Nadu,8,1,Dr. Selvi J Jayalalithaa,14/5/01,21/9/01,130,1,no,no,0,135,1,1,AETN192262,ADMK,3,FALSE,FALSE,TRUE
Tamil_Nadu,8,2,Thiru O. Panneerselvam,21/9/01,1/3/02,161,0,no,no,0,131,0,1,AETN189985,ADMK,1,FALSE,FALSE,FALSE
Tamil_Nadu,8,3,Dr. Selvi J Jayalalithaa,2/3/02,12/5/06,1532,1,no,no,0,135,1,1,AETN192262,ADMK,3,FALSE,FALSE,TRUE
Tamil_Nadu,9,1,Dr. Kalaignar M. Karunanidhi,13/5/06,15/5/11,1828,1,no,no,0,11,0,1,AETN189483,DMK,8,FALSE,TRUE,TRUE
Tamil_Nadu,10,1,Dr. Selvi J Jayalalithaa,16/5/11,27/9/14,1230,1,no,no,0,139,0,1,AETN192262,ADMK,5,FALSE,TRUE,TRUE
Tamil_Nadu,10,2,Thiru O. Panneerselvam,29/9/14,22/5/15,235,2,no,no,0,200,0,1,AETN189985,ADMK,3,FALSE,TRUE,TRUE
Tamil_Nadu,10,3,Dr. Selvi J Jayalalithaa,23/5/15,19/5/16,362,1,no,no,0,11,1,1,AETN192262,ADMK,5,FALSE,TRUE,TRUE
Tamil_Nadu,11,1,Dr. Selvi J Jayalalithaa,20/5/16,5/12/16,199,1,no,no,0,11,0,1,AETN192262,ADMK,6,FALSE,TRUE,TRUE
Tamil_Nadu,11,2,Thiru O. Panneerselvam,6/12/16,15/2/17,71,1,no,no,0,200,0,1,AETN189985,ADMK,4,FALSE,TRUE,TRUE
Tripura,1,1,Sachindra Lal Singh,1/7/63,28/2/67,1338,,no,no,0,,,,,,,,,
Tripura,2,1,Sachindra Lal Singh,1/3/67,1/11/71,1706,1,no,no,0,3,0,1,AETR5195902,INC,1,FALSE,FALSE,FALSE
Tripura,NA,1,President's Rule,1/11/71,20/3/72,140,0,yes,no,0,,,,,,,,,
Tripura,3,1,Sukhamoy Sen Gupta,20/3/72,31/3/77,1837,0,no,no,0,7,0,1,AETR352,CPM,1,FALSE,FALSE,FALSE
Tripura,3,2,Prafulla Kumar Das,1/4/77,25/7/77,115,1,no,no,0,3,0,2,,,,,,
Tripura,3,3,Radhika Ranjan Gupta,26/7/77,4/11/77,101,1,no,no,0,51,0,3,,,,,,
Tripura,NA,2,President's Rule,5/11/77,5/1/78,61,1,yes,no,0,,,,,,,,,
Tripura,4,1,Nripen Chakraborty,5/1/78,9/1/83,1830,0,no,no,0,26,0,1,AETR5195500,CPM,3,FALSE,TRUE,TRUE
Tripura,5,1,Nripen Chakraborty,10/1/83,5/2/88,1852,1,no,no,0,26,0,1,AETR5195500,CPM,4,FALSE,TRUE,TRUE
Tripura,6,1,Sudhir Ranjan Majumdar,5/2/88,19/2/92,1475,0,no,no,0,8,0,1,AETR676,FBL,2,FALSE,FALSE,TRUE
Tripura,6,2,Samir Ranjan Barman,19/2/92,10/3/93,385,0,no,no,0,16,0,1,AETR157,INC,3,FALSE,TRUE,TRUE
Tripura,NA,3,President's Rule,11/3/93,10/4/93,30,1,no,no,0,,,,,,,,,
Tripura,7,1,Dasarath Deb,10/4/93,11/3/98,1796,0,no,no,0,23,0,1,AETR5195326,CPM,1,FALSE,FALSE,FALSE
Tripura,8,1,Manik Sarkar,11/3/98,3/3/03,1818,0,no,no,0,22,0,1,AETR1069,CPM,4,FALSE,TRUE,TRUE
Tripura,9,1,Manik Sarkar,4/3/03,9/3/08,1832,1,no,no,0,22,0,1,AETR1069,CPM,5,FALSE,TRUE,TRUE
Tripura,10,1,Manik Sarkar,10/3/08,1/3/13,1817,1,no,no,0,22,0,1,AETR444,CPM,1,FALSE,FALSE,FALSE
Tripura,11,1,Manik Sarkar,2/3/13,9/3/18,1833,1,no,no,0,23,0,1,AETR39559,CPM,1,FALSE,FALSE,FALSE
Tripura,12,1,Biplab Kumar Deb,9/3/18,,,0,no,no,0,9,0,1,,,,,,
Uttar_Pradesh,2,1,Sri Chandrabhanu Gupta,7/12/60,14/3/62,462,,no,no,0,,,,,,,,,
Uttar_Pradesh,3,1,Sri Chandrabhanu Gupta,14/3/62,1/10/63,566,0,no,no,0,14,0,1,AEUP170913,INC,1,FALSE,FALSE,FALSE
Uttar_Pradesh,3,2,Ms Sucheta Kriplani,2/10/63,13/3/67,1258,1,no,no,0,185,0,1,AEUP1062,INC,1,FALSE,FALSE,FALSE
Uttar_Pradesh,4,1,Sri Chandrabhanu Gupta,14/3/67,2/4/67,19,1,no,no,0,14,0,1,AEUP173843,INC,1,FALSE,FALSE,FALSE
Uttar_Pradesh,4,2,Sri Charan Singh,3/4/67,25/2/68,328,1,no,no,0,405,0,1,AEUP176671,INC,1,FALSE,FALSE,FALSE
Uttar_Pradesh,NA,1,President's Rule,25/2/68,26/2/69,367,0,yes,no,0,,,,,,,,,
Uttar_Pradesh,5,1,Sri Chandrabhanu Gupta,26/2/69,17/2/70,356,0,no,no,0,14,0,1,AEUP5712,INC,1,FALSE,FALSE,FALSE
Uttar_Pradesh,5,2,Sri Charan Singh,17/2/70,1/10/70,226,0,no,no,0,405,0,1,AEUP166820,BKD,2,TRUE,FALSE,FALSE
Uttar_Pradesh,NA,2,President's Rule,1/10/70,18/10/70,17,0,yes,no,0,,,,,,,,,
Uttar_Pradesh,5,4,Sri T N Singh,18/10/70,3/4/71,167,0,no,no,0,,,,,,,,,
Uttar_Pradesh,5,5,Pt. KamlapatiTripathi,4/4/71,12/6/73,800,1,no,no,0,243,0,1,AEUP172395,INC,1,FALSE,FALSE,FALSE
Uttar_Pradesh,NA,3,President's Rule,13/6/73,8/11/73,148,1,yes,no,0,,,,,,,,,
Uttar_Pradesh,5,6,Sri Hemvati Nandan Bahuguna,8/11/73,4/3/74,116,0,no,no,0,,,,,,,,,
Uttar_Pradesh,6,1,Sri Hemvati Nandan Bahuguna,15/3/74,29/11/75,624,11,no,no,0,269,0,1,AEUP169224,INC,3,FALSE,FALSE,TRUE
Uttar_Pradesh,NA,4,President's Rule,30/11/75,21/1/76,52,1,yes,no,0,,,,,,,,,
Uttar_Pradesh,6,2,Sri N.D. Tiwari,21/1/76,30/4/77,465,0,no,no,0,16,0,1,AEUP26324,INC,1,FALSE,FALSE,FALSE
Uttar_Pradesh,NA,5,President's Rule,30/4/77,23/6/77,54,0,yes,no,0,,,,,,,,,
Uttar_Pradesh,7,1,Sri Ram Naresh yadav,23/6/77,27/2/79,614,0,no,no,0,,,,,,,,,
Uttar_Pradesh,7,2,Sri Banarasi Das,28/2/79,17/2/80,354,1,no,no,0,391,0,1,AEUP31814,JNP,1,FALSE,FALSE,FALSE
Uttar_Pradesh,NA,6,President's Rule,17/2/80,9/6/80,113,0,yes,no,0,,,,,,,,,
Uttar_Pradesh,8,1,Sri V.P. Singh,9/6/80,18/7/82,769,0,no,no,0,318,1,1,AEUP100433,INC(I),1,FALSE,FALSE,FALSE
Uttar_Pradesh,8,2,Sri Sripati Misra,19/7/82,3/8/84,746,1,no,no,0,124,0,1,AEUP160336,INC(I),2,TRUE,FALSE,FALSE
Uttar_Pradesh,8,3,Sri N.D. Tiwari,3/8/84,10/3/85,219,0,no,no,0,,,,,,,,,
Uttar_Pradesh,9,1,Sri N.D. Tiwari,11/3/85,24/9/85,197,1,no,no,0,16,0,1,AEUP5735,INC,1,TRUE,FALSE,FALSE
Uttar_Pradesh,9,2,Sri Vir Bahadur Singh,24/9/85,24/6/88,1004,0,no,no,0,188,0,1,AEUP6820,INC,3,FALSE,FALSE,FALSE
Uttar_Pradesh,9,3,Sri N.D. Tiwari,25/6/88,5/12/89,528,1,no,no,0,16,0,1,AEUP5735,INC,1,TRUE,FALSE,FALSE
Uttar_Pradesh,10,1,Sri Mulayam Singh Yadav,5/12/89,24/6/91,566,0,no,no,0,305,0,1,AEUP30604,JD,1,FALSE,FALSE,FALSE
Uttar_Pradesh,11,1,Sri Kalyan Singh,24/6/91,6/12/92,531,0,no,no,0,372,0,1,AEUP145891,BJP,1,FALSE,FALSE,FALSE
Uttar_Pradesh,NA,7,President's Rule,6/12/92,4/12/93,363,0,yes,no,0,,,,,,,,,
Uttar_Pradesh,12,1,Sri Mulayam Singh Yadav,4/12/93,3/6/95,546,0,no,no,0,339,0,1,AEUP47646,SP,1,FALSE,FALSE,FALSE
Uttar_Pradesh,12,2,Ms. Mayawati,3/6/95,17/10/95,136,0,no,no,0,,,,,,,,,
Uttar_Pradesh,NA,8,President's Rule,18/10/95,21/3/97,520,1,yes,no,0,,,,,,,,,
Uttar_Pradesh,13,1,Ms. Mayawati,21/3/97,21/9/97,184,0,no,no,0,417,0,1,AEUP60512,BSP,1,FALSE,FALSE,FALSE
Uttar_Pradesh,13,2,Sri Kalyan Singh,21/9/97,11/11/99,781,0,no,no,0,372,0,1,AEUP123873,BJP,1,FALSE,FALSE,FALSE
Uttar_Pradesh,13,3,Sri. Ram Prakash Gupta,12/11/99,28/10/00,351,1,no,yes,0,,,,,,,,,
Uttar_Pradesh,13,4,Sri Rajnath Singh,28/10/00,7/3/02,495,0,no,no,0,141,1,1,AEUP156645,BJP,2,FALSE,FALSE,TRUE
Uttar_Pradesh,NA,9,President's Rule,8/3/02,3/5/02,56,1,yes,no,0,,,,,,,,,
Uttar_Pradesh,14,1,Ms. Mayawati,3/5/02,28/8/03,482,0,no,no,0,401,0,1,AEUP113051,BSP,2,FALSE,FALSE,TRUE
Uttar_Pradesh,14,2,Sri Mulayam Singh Yadav,29/8/03,12/5/07,1352,1,no,no,0,25,1,1,GEUP13257,SP,3,FALSE,FALSE,FALSE
Uttar_Pradesh,15,1,Ms. Mayawati,13/5/07,14/3/12,1767,1,no,yes,0,,,,,,,,,
Uttar_Pradesh,16,1,Sri Akhilesh Yadav,15/3/12,19/3/17,1830,1,no,yes,0,,,,,,,,,
Uttarakhand,0,1,Shri Nityanand Swami,9/11/00,29/10/01,354,,no,no,1,,,,,,,,,
Uttarakhand,0,2,Shri Bhagat Singh koshiyari,30/10/01,1/3/02,122,1,no,no,1,,,,,,,,,
Uttarakhand,1,1,Shri Narayan Dutt Tiwari,2/3/02,7/3/07,1831,1,no,no,0,56,1,1,AEUP153033,INC,1,FALSE,FALSE,FALSE
Uttarakhand,2,1,Maj.General.B.C.Khanduri,7/3/07,26/6/09,842,0,no,no,0,30,1,1,AEUK100833,BJP,1,FALSE,FALSE,FALSE
Uttarakhand,2,2,"Dr.Ramesh Pokhriyal\\""Nishank\""\""""",27/6/09,10/9/11,805,1,no,no,0,35,0,1,AEUP74612,BJP,1,FALSE,FALSE,TRUE
Uttarakhand,2,3,Maj.General.B.C.Khanduri,11/9/11,13/3/12,184,1,no,no,0,30,1,1,AEUK100833,BJP,1,FALSE,FALSE,FALSE
Uttarakhand,3,1,Shri Vijaya Bahuguna,13/3/12,31/1/14,689,0,no,no,0,68,1,1,AEUK100814,INC,1,FALSE,FALSE,FALSE
Uttarakhand,3,2,Shri Harish Rawat,1/2/14,27/3/16,785,1,no,no,0,42,1,1,AEUK100498,INC,1,FALSE,FALSE,FALSE
Uttarakhand,NA,1,President's Rule,27/3/16,21/4/16,25,0,yes,no,0,,,,,,,,,
Uttarakhand,3,3,Shri Harish Rawat,21/4/16,22/4/16,1,0,no,no,0,42,1,1,AEUK100498,INC,1,FALSE,FALSE,FALSE
Uttarakhand,NA,2,President's Rule,22/4/16,11/5/16,19,0,yes,no,0,,,,,,,,,
Uttarakhand,3,4,Shri Harish Rawat,11/5/16,18/3/17,311,0,no,no,0,42,1,1,AEUK100498,INC,1,FALSE,FALSE,FALSE
